step_sz,duration_us,build_type,data-file-path
16,19909,Release,/home/shuell/Projects/cpu-performance-study/benchmark/memory-access/raw_data/minstructor_0/out_257.txt
2,29699,Release,/home/shuell/Projects/cpu-performance-study/benchmark/memory-access/raw_data/minstructor_0/out_56.txt
8,20432,Release,/home/shuell/Projects/cpu-performance-study/benchmark/memory-access/raw_data/minstructor_0/out_113.txt
64,9678,Release,/home/shuell/Projects/cpu-performance-study/benchmark/memory-access/raw_data/minstructor_0/out_215.txt
64,9596,Release,/home/shuell/Projects/cpu-performance-study/benchmark/memory-access/raw_data/minstructor_0/out_149.txt
1,52858,Release,/home/shuell/Projects/cpu-performance-study/benchmark/memory-access/raw_data/minstructor_0/out_55.txt
4,21660,Release,/home/shuell/Projects/cpu-performance-study/benchmark/memory-access/raw_data/minstructor_0/out_255.txt
1,52809,Release,/home/shuell/Projects/cpu-performance-study/benchmark/memory-access/raw_data/minstructor_0/out_110.txt
1,52848,Release,/home/shuell/Projects/cpu-performance-study/benchmark/memory-access/raw_data/minstructor_0/out_242.txt
2,29552,Release,/home/shuell/Projects/cpu-performance-study/benchmark/memory-access/raw_data/minstructor_0/out_265.txt
512,1980,Release,/home/shuell/Projects/cpu-performance-study/benchmark/memory-access/raw_data/minstructor_0/out_64.txt
16,19739,Release,/home/shuell/Projects/cpu-performance-study/benchmark/memory-access/raw_data/minstructor_0/out_15.txt
1024,703,Release,/home/shuell/Projects/cpu-performance-study/benchmark/memory-access/raw_data/minstructor_0/out_98.txt
8,20113,Release,/home/shuell/Projects/cpu-performance-study/benchmark/memory-access/raw_data/minstructor_0/out_146.txt
16,19896,Release,/home/shuell/Projects/cpu-performance-study/benchmark/memory-access/raw_data/minstructor_0/out_136.txt
2,29794,Release,/home/shuell/Projects/cpu-performance-study/benchmark/memory-access/raw_data/minstructor_0/out_1.txt
32,14795,Release,/home/shuell/Projects/cpu-performance-study/benchmark/memory-access/raw_data/minstructor_0/out_269.txt
1024,701,Release,/home/shuell/Projects/cpu-performance-study/benchmark/memory-access/raw_data/minstructor_0/out_164.txt
8,20016,Release,/home/shuell/Projects/cpu-performance-study/benchmark/memory-access/raw_data/minstructor_0/out_179.txt
4,21752,Release,/home/shuell/Projects/cpu-performance-study/benchmark/memory-access/raw_data/minstructor_0/out_167.txt
512,1977,Release,/home/shuell/Projects/cpu-performance-study/benchmark/memory-access/raw_data/minstructor_0/out_75.txt
32,14942,Release,/home/shuell/Projects/cpu-performance-study/benchmark/memory-access/raw_data/minstructor_0/out_214.txt
256,3397,Release,/home/shuell/Projects/cpu-performance-study/benchmark/memory-access/raw_data/minstructor_0/out_195.txt
2,29616,Release,/home/shuell/Projects/cpu-performance-study/benchmark/memory-access/raw_data/minstructor_0/out_188.txt
16,19621,Release,/home/shuell/Projects/cpu-performance-study/benchmark/memory-access/raw_data/minstructor_0/out_26.txt
2,29857,Release,/home/shuell/Projects/cpu-performance-study/benchmark/memory-access/raw_data/minstructor_0/out_177.txt
64,9752,Release,/home/shuell/Projects/cpu-performance-study/benchmark/memory-access/raw_data/minstructor_0/out_61.txt
512,1973,Release,/home/shuell/Projects/cpu-performance-study/benchmark/memory-access/raw_data/minstructor_0/out_185.txt
8,20419,Release,/home/shuell/Projects/cpu-performance-study/benchmark/memory-access/raw_data/minstructor_0/out_157.txt
512,2000,Release,/home/shuell/Projects/cpu-performance-study/benchmark/memory-access/raw_data/minstructor_0/out_273.txt
32,14986,Release,/home/shuell/Projects/cpu-performance-study/benchmark/memory-access/raw_data/minstructor_0/out_258.txt
64,9720,Release,/home/shuell/Projects/cpu-performance-study/benchmark/memory-access/raw_data/minstructor_0/out_72.txt
1,52887,Release,/home/shuell/Projects/cpu-performance-study/benchmark/memory-access/raw_data/minstructor_0/out_176.txt
1,52765,Release,/home/shuell/Projects/cpu-performance-study/benchmark/memory-access/raw_data/minstructor_0/out_44.txt
1024,682,Release,/home/shuell/Projects/cpu-performance-study/benchmark/memory-access/raw_data/minstructor_0/out_21.txt
8,21147,Release,/home/shuell/Projects/cpu-performance-study/benchmark/memory-access/raw_data/minstructor_0/out_223.txt
256,3401,Release,/home/shuell/Projects/cpu-performance-study/benchmark/memory-access/raw_data/minstructor_0/out_107.txt
128,5536,Release,/home/shuell/Projects/cpu-performance-study/benchmark/memory-access/raw_data/minstructor_0/out_183.txt
128,5544,Release,/home/shuell/Projects/cpu-performance-study/benchmark/memory-access/raw_data/minstructor_0/out_227.txt
64,9748,Release,/home/shuell/Projects/cpu-performance-study/benchmark/memory-access/raw_data/minstructor_0/out_204.txt
8,20033,Release,/home/shuell/Projects/cpu-performance-study/benchmark/memory-access/raw_data/minstructor_0/out_124.txt
2,29671,Release,/home/shuell/Projects/cpu-performance-study/benchmark/memory-access/raw_data/minstructor_0/out_232.txt
1,52854,Release,/home/shuell/Projects/cpu-performance-study/benchmark/memory-access/raw_data/minstructor_0/out_231.txt
512,2009,Release,/home/shuell/Projects/cpu-performance-study/benchmark/memory-access/raw_data/minstructor_0/out_141.txt
256,3343,Release,/home/shuell/Projects/cpu-performance-study/benchmark/memory-access/raw_data/minstructor_0/out_129.txt
8,20189,Release,/home/shuell/Projects/cpu-performance-study/benchmark/memory-access/raw_data/minstructor_0/out_168.txt
4,21697,Release,/home/shuell/Projects/cpu-performance-study/benchmark/memory-access/raw_data/minstructor_0/out_24.txt
8,20065,Release,/home/shuell/Projects/cpu-performance-study/benchmark/memory-access/raw_data/minstructor_0/out_212.txt
16,20269,Release,/home/shuell/Projects/cpu-performance-study/benchmark/memory-access/raw_data/minstructor_0/out_191.txt
1024,722,Release,/home/shuell/Projects/cpu-performance-study/benchmark/memory-access/raw_data/minstructor_0/out_252.txt
256,3416,Release,/home/shuell/Projects/cpu-performance-study/benchmark/memory-access/raw_data/minstructor_0/out_217.txt
64,9779,Release,/home/shuell/Projects/cpu-performance-study/benchmark/memory-access/raw_data/minstructor_0/out_226.txt
32,15038,Release,/home/shuell/Projects/cpu-performance-study/benchmark/memory-access/raw_data/minstructor_0/out_148.txt
128,5518,Release,/home/shuell/Projects/cpu-performance-study/benchmark/memory-access/raw_data/minstructor_0/out_106.txt
4,21632,Release,/home/shuell/Projects/cpu-performance-study/benchmark/memory-access/raw_data/minstructor_0/out_112.txt
64,9674,Release,/home/shuell/Projects/cpu-performance-study/benchmark/memory-access/raw_data/minstructor_0/out_237.txt
1024,721,Release,/home/shuell/Projects/cpu-performance-study/benchmark/memory-access/raw_data/minstructor_0/out_153.txt
128,5408,Release,/home/shuell/Projects/cpu-performance-study/benchmark/memory-access/raw_data/minstructor_0/out_150.txt
1,52962,Release,/home/shuell/Projects/cpu-performance-study/benchmark/memory-access/raw_data/minstructor_0/out_132.txt
16,20179,Release,/home/shuell/Projects/cpu-performance-study/benchmark/memory-access/raw_data/minstructor_0/out_147.txt
128,5585,Release,/home/shuell/Projects/cpu-performance-study/benchmark/memory-access/raw_data/minstructor_0/out_271.txt
1,52705,Release,/home/shuell/Projects/cpu-performance-study/benchmark/memory-access/raw_data/minstructor_0/out_264.txt
128,5479,Release,/home/shuell/Projects/cpu-performance-study/benchmark/memory-access/raw_data/minstructor_0/out_117.txt
4,21744,Release,/home/shuell/Projects/cpu-performance-study/benchmark/memory-access/raw_data/minstructor_0/out_134.txt
16,19913,Release,/home/shuell/Projects/cpu-performance-study/benchmark/memory-access/raw_data/minstructor_0/out_268.txt
32,14760,Release,/home/shuell/Projects/cpu-performance-study/benchmark/memory-access/raw_data/minstructor_0/out_49.txt
8,20387,Release,/home/shuell/Projects/cpu-performance-study/benchmark/memory-access/raw_data/minstructor_0/out_69.txt
512,1966,Release,/home/shuell/Projects/cpu-performance-study/benchmark/memory-access/raw_data/minstructor_0/out_218.txt
1024,699,Release,/home/shuell/Projects/cpu-performance-study/benchmark/memory-access/raw_data/minstructor_0/out_197.txt
1024,705,Release,/home/shuell/Projects/cpu-performance-study/benchmark/memory-access/raw_data/minstructor_0/out_263.txt
2,29595,Release,/home/shuell/Projects/cpu-performance-study/benchmark/memory-access/raw_data/minstructor_0/out_221.txt
512,1979,Release,/home/shuell/Projects/cpu-performance-study/benchmark/memory-access/raw_data/minstructor_0/out_163.txt
32,15043,Release,/home/shuell/Projects/cpu-performance-study/benchmark/memory-access/raw_data/minstructor_0/out_192.txt
64,9798,Release,/home/shuell/Projects/cpu-performance-study/benchmark/memory-access/raw_data/minstructor_0/out_270.txt
4,21739,Release,/home/shuell/Projects/cpu-performance-study/benchmark/memory-access/raw_data/minstructor_0/out_90.txt
512,1992,Release,/home/shuell/Projects/cpu-performance-study/benchmark/memory-access/raw_data/minstructor_0/out_9.txt
4,21626,Release,/home/shuell/Projects/cpu-performance-study/benchmark/memory-access/raw_data/minstructor_0/out_101.txt
512,1973,Release,/home/shuell/Projects/cpu-performance-study/benchmark/memory-access/raw_data/minstructor_0/out_119.txt
128,5447,Release,/home/shuell/Projects/cpu-performance-study/benchmark/memory-access/raw_data/minstructor_0/out_249.txt
4,21689,Release,/home/shuell/Projects/cpu-performance-study/benchmark/memory-access/raw_data/minstructor_0/out_145.txt
2,29680,Release,/home/shuell/Projects/cpu-performance-study/benchmark/memory-access/raw_data/minstructor_0/out_89.txt
1024,682,Release,/home/shuell/Projects/cpu-performance-study/benchmark/memory-access/raw_data/minstructor_0/out_65.txt
1,52148,Release,/home/shuell/Projects/cpu-performance-study/benchmark/memory-access/raw_data/minstructor_0/out_198.txt
8,19757,Release,/home/shuell/Projects/cpu-performance-study/benchmark/memory-access/raw_data/minstructor_0/out_14.txt
256,3371,Release,/home/shuell/Projects/cpu-performance-study/benchmark/memory-access/raw_data/minstructor_0/out_140.txt
8,20172,Release,/home/shuell/Projects/cpu-performance-study/benchmark/memory-access/raw_data/minstructor_0/out_47.txt
64,9652,Release,/home/shuell/Projects/cpu-performance-study/benchmark/memory-access/raw_data/minstructor_0/out_116.txt
2,29722,Release,/home/shuell/Projects/cpu-performance-study/benchmark/memory-access/raw_data/minstructor_0/out_199.txt
128,5989,Release,/home/shuell/Projects/cpu-performance-study/benchmark/memory-access/raw_data/minstructor_0/out_139.txt
1,52813,Release,/home/shuell/Projects/cpu-performance-study/benchmark/memory-access/raw_data/minstructor_0/out_99.txt
128,5503,Release,/home/shuell/Projects/cpu-performance-study/benchmark/memory-access/raw_data/minstructor_0/out_29.txt
512,1987,Release,/home/shuell/Projects/cpu-performance-study/benchmark/memory-access/raw_data/minstructor_0/out_31.txt
16,20000,Release,/home/shuell/Projects/cpu-performance-study/benchmark/memory-access/raw_data/minstructor_0/out_81.txt
1,52775,Release,/home/shuell/Projects/cpu-performance-study/benchmark/memory-access/raw_data/minstructor_0/out_77.txt
1,52815,Release,/home/shuell/Projects/cpu-performance-study/benchmark/memory-access/raw_data/minstructor_0/out_66.txt
512,1989,Release,/home/shuell/Projects/cpu-performance-study/benchmark/memory-access/raw_data/minstructor_0/out_130.txt
16,21164,Release,/home/shuell/Projects/cpu-performance-study/benchmark/memory-access/raw_data/minstructor_0/out_224.txt
1024,679,Release,/home/shuell/Projects/cpu-performance-study/benchmark/memory-access/raw_data/minstructor_0/out_219.txt
1,52759,Release,/home/shuell/Projects/cpu-performance-study/benchmark/memory-access/raw_data/minstructor_0/out_33.txt
32,15001,Release,/home/shuell/Projects/cpu-performance-study/benchmark/memory-access/raw_data/minstructor_0/out_137.txt
8,20056,Release,/home/shuell/Projects/cpu-performance-study/benchmark/memory-access/raw_data/minstructor_0/out_102.txt
32,15011,Release,/home/shuell/Projects/cpu-performance-study/benchmark/memory-access/raw_data/minstructor_0/out_181.txt
512,1973,Release,/home/shuell/Projects/cpu-performance-study/benchmark/memory-access/raw_data/minstructor_0/out_20.txt
256,3407,Release,/home/shuell/Projects/cpu-performance-study/benchmark/memory-access/raw_data/minstructor_0/out_63.txt
256,3396,Release,/home/shuell/Projects/cpu-performance-study/benchmark/memory-access/raw_data/minstructor_0/out_250.txt
4,21604,Release,/home/shuell/Projects/cpu-performance-study/benchmark/memory-access/raw_data/minstructor_0/out_178.txt
1,52625,Release,/home/shuell/Projects/cpu-performance-study/benchmark/memory-access/raw_data/minstructor_0/out_121.txt
64,9605,Release,/home/shuell/Projects/cpu-performance-study/benchmark/memory-access/raw_data/minstructor_0/out_171.txt
32,14976,Release,/home/shuell/Projects/cpu-performance-study/benchmark/memory-access/raw_data/minstructor_0/out_115.txt
1024,710,Release,/home/shuell/Projects/cpu-performance-study/benchmark/memory-access/raw_data/minstructor_0/out_109.txt
8,20112,Release,/home/shuell/Projects/cpu-performance-study/benchmark/memory-access/raw_data/minstructor_0/out_245.txt
8,20140,Release,/home/shuell/Projects/cpu-performance-study/benchmark/memory-access/raw_data/minstructor_0/out_80.txt
32,14873,Release,/home/shuell/Projects/cpu-performance-study/benchmark/memory-access/raw_data/minstructor_0/out_104.txt
256,3361,Release,/home/shuell/Projects/cpu-performance-study/benchmark/memory-access/raw_data/minstructor_0/out_118.txt
128,5483,Release,/home/shuell/Projects/cpu-performance-study/benchmark/memory-access/raw_data/minstructor_0/out_194.txt
4,21706,Release,/home/shuell/Projects/cpu-performance-study/benchmark/memory-access/raw_data/minstructor_0/out_211.txt
128,5526,Release,/home/shuell/Projects/cpu-performance-study/benchmark/memory-access/raw_data/minstructor_0/out_73.txt
16,19882,Release,/home/shuell/Projects/cpu-performance-study/benchmark/memory-access/raw_data/minstructor_0/out_180.txt
256,3395,Release,/home/shuell/Projects/cpu-performance-study/benchmark/memory-access/raw_data/minstructor_0/out_228.txt
128,5432,Release,/home/shuell/Projects/cpu-performance-study/benchmark/memory-access/raw_data/minstructor_0/out_128.txt
2,29562,Release,/home/shuell/Projects/cpu-performance-study/benchmark/memory-access/raw_data/minstructor_0/out_155.txt
4,21611,Release,/home/shuell/Projects/cpu-performance-study/benchmark/memory-access/raw_data/minstructor_0/out_189.txt
512,1967,Release,/home/shuell/Projects/cpu-performance-study/benchmark/memory-access/raw_data/minstructor_0/out_108.txt
16,19913,Release,/home/shuell/Projects/cpu-performance-study/benchmark/memory-access/raw_data/minstructor_0/out_125.txt
64,9590,Release,/home/shuell/Projects/cpu-performance-study/benchmark/memory-access/raw_data/minstructor_0/out_248.txt
4,21836,Release,/home/shuell/Projects/cpu-performance-study/benchmark/memory-access/raw_data/minstructor_0/out_2.txt
16,20209,Release,/home/shuell/Projects/cpu-performance-study/benchmark/memory-access/raw_data/minstructor_0/out_103.txt
8,20073,Release,/home/shuell/Projects/cpu-performance-study/benchmark/memory-access/raw_data/minstructor_0/out_190.txt
256,3357,Release,/home/shuell/Projects/cpu-performance-study/benchmark/memory-access/raw_data/minstructor_0/out_184.txt
1,52774,Release,/home/shuell/Projects/cpu-performance-study/benchmark/memory-access/raw_data/minstructor_0/out_154.txt
1024,695,Release,/home/shuell/Projects/cpu-performance-study/benchmark/memory-access/raw_data/minstructor_0/out_131.txt
1,53026,Release,/home/shuell/Projects/cpu-performance-study/benchmark/memory-access/raw_data/minstructor_0/out_0.txt
4,21647,Release,/home/shuell/Projects/cpu-performance-study/benchmark/memory-access/raw_data/minstructor_0/out_57.txt
32,15018,Release,/home/shuell/Projects/cpu-performance-study/benchmark/memory-access/raw_data/minstructor_0/out_247.txt
512,1999,Release,/home/shuell/Projects/cpu-performance-study/benchmark/memory-access/raw_data/minstructor_0/out_97.txt
32,14946,Release,/home/shuell/Projects/cpu-performance-study/benchmark/memory-access/raw_data/minstructor_0/out_5.txt
1,52818,Release,/home/shuell/Projects/cpu-performance-study/benchmark/memory-access/raw_data/minstructor_0/out_165.txt
1024,686,Release,/home/shuell/Projects/cpu-performance-study/benchmark/memory-access/raw_data/minstructor_0/out_76.txt
4,21753,Release,/home/shuell/Projects/cpu-performance-study/benchmark/memory-access/raw_data/minstructor_0/out_222.txt
64,9527,Release,/home/shuell/Projects/cpu-performance-study/benchmark/memory-access/raw_data/minstructor_0/out_259.txt
2,29693,Release,/home/shuell/Projects/cpu-performance-study/benchmark/memory-access/raw_data/minstructor_0/out_133.txt
1,52901,Release,/home/shuell/Projects/cpu-performance-study/benchmark/memory-access/raw_data/minstructor_0/out_143.txt
16,19911,Release,/home/shuell/Projects/cpu-performance-study/benchmark/memory-access/raw_data/minstructor_0/out_4.txt
16,19910,Release,/home/shuell/Projects/cpu-performance-study/benchmark/memory-access/raw_data/minstructor_0/out_70.txt
128,5693,Release,/home/shuell/Projects/cpu-performance-study/benchmark/memory-access/raw_data/minstructor_0/out_62.txt
1,52760,Release,/home/shuell/Projects/cpu-performance-study/benchmark/memory-access/raw_data/minstructor_0/out_209.txt
4,21730,Release,/home/shuell/Projects/cpu-performance-study/benchmark/memory-access/raw_data/minstructor_0/out_233.txt
4,21783,Release,/home/shuell/Projects/cpu-performance-study/benchmark/memory-access/raw_data/minstructor_0/out_46.txt
1024,715,Release,/home/shuell/Projects/cpu-performance-study/benchmark/memory-access/raw_data/minstructor_0/out_241.txt
1024,695,Release,/home/shuell/Projects/cpu-performance-study/benchmark/memory-access/raw_data/minstructor_0/out_120.txt
4,21672,Release,/home/shuell/Projects/cpu-performance-study/benchmark/memory-access/raw_data/minstructor_0/out_266.txt
64,9560,Release,/home/shuell/Projects/cpu-performance-study/benchmark/memory-access/raw_data/minstructor_0/out_127.txt
32,14979,Release,/home/shuell/Projects/cpu-performance-study/benchmark/memory-access/raw_data/minstructor_0/out_159.txt
32,14723,Release,/home/shuell/Projects/cpu-performance-study/benchmark/memory-access/raw_data/minstructor_0/out_60.txt
32,15113,Release,/home/shuell/Projects/cpu-performance-study/benchmark/memory-access/raw_data/minstructor_0/out_126.txt
1024,697,Release,/home/shuell/Projects/cpu-performance-study/benchmark/memory-access/raw_data/minstructor_0/out_32.txt
512,2053,Release,/home/shuell/Projects/cpu-performance-study/benchmark/memory-access/raw_data/minstructor_0/out_240.txt
8,20121,Release,/home/shuell/Projects/cpu-performance-study/benchmark/memory-access/raw_data/minstructor_0/out_36.txt
8,20110,Release,/home/shuell/Projects/cpu-performance-study/benchmark/memory-access/raw_data/minstructor_0/out_91.txt
128,5534,Release,/home/shuell/Projects/cpu-performance-study/benchmark/memory-access/raw_data/minstructor_0/out_84.txt
64,9461,Release,/home/shuell/Projects/cpu-performance-study/benchmark/memory-access/raw_data/minstructor_0/out_6.txt
32,15026,Release,/home/shuell/Projects/cpu-performance-study/benchmark/memory-access/raw_data/minstructor_0/out_170.txt
4,21744,Release,/home/shuell/Projects/cpu-performance-study/benchmark/memory-access/raw_data/minstructor_0/out_13.txt
256,3433,Release,/home/shuell/Projects/cpu-performance-study/benchmark/memory-access/raw_data/minstructor_0/out_151.txt
128,5523,Release,/home/shuell/Projects/cpu-performance-study/benchmark/memory-access/raw_data/minstructor_0/out_51.txt
256,3430,Release,/home/shuell/Projects/cpu-performance-study/benchmark/memory-access/raw_data/minstructor_0/out_8.txt
64,9722,Release,/home/shuell/Projects/cpu-performance-study/benchmark/memory-access/raw_data/minstructor_0/out_28.txt
4,21971,Release,/home/shuell/Projects/cpu-performance-study/benchmark/memory-access/raw_data/minstructor_0/out_35.txt
32,15116,Release,/home/shuell/Projects/cpu-performance-study/benchmark/memory-access/raw_data/minstructor_0/out_225.txt
16,19999,Release,/home/shuell/Projects/cpu-performance-study/benchmark/memory-access/raw_data/minstructor_0/out_37.txt
64,9503,Release,/home/shuell/Projects/cpu-performance-study/benchmark/memory-access/raw_data/minstructor_0/out_17.txt
1024,702,Release,/home/shuell/Projects/cpu-performance-study/benchmark/memory-access/raw_data/minstructor_0/out_10.txt
256,3391,Release,/home/shuell/Projects/cpu-performance-study/benchmark/memory-access/raw_data/minstructor_0/out_239.txt
16,19717,Release,/home/shuell/Projects/cpu-performance-study/benchmark/memory-access/raw_data/minstructor_0/out_48.txt
256,3364,Release,/home/shuell/Projects/cpu-performance-study/benchmark/memory-access/raw_data/minstructor_0/out_162.txt
32,14750,Release,/home/shuell/Projects/cpu-performance-study/benchmark/memory-access/raw_data/minstructor_0/out_71.txt
64,9610,Release,/home/shuell/Projects/cpu-performance-study/benchmark/memory-access/raw_data/minstructor_0/out_105.txt
4,21611,Release,/home/shuell/Projects/cpu-performance-study/benchmark/memory-access/raw_data/minstructor_0/out_200.txt
2,29580,Release,/home/shuell/Projects/cpu-performance-study/benchmark/memory-access/raw_data/minstructor_0/out_144.txt
16,20218,Release,/home/shuell/Projects/cpu-performance-study/benchmark/memory-access/raw_data/minstructor_0/out_246.txt
256,3443,Release,/home/shuell/Projects/cpu-performance-study/benchmark/memory-access/raw_data/minstructor_0/out_272.txt
64,9717,Release,/home/shuell/Projects/cpu-performance-study/benchmark/memory-access/raw_data/minstructor_0/out_50.txt
512,1982,Release,/home/shuell/Projects/cpu-performance-study/benchmark/memory-access/raw_data/minstructor_0/out_207.txt
8,20137,Release,/home/shuell/Projects/cpu-performance-study/benchmark/memory-access/raw_data/minstructor_0/out_267.txt
8,20253,Release,/home/shuell/Projects/cpu-performance-study/benchmark/memory-access/raw_data/minstructor_0/out_58.txt
128,5703,Release,/home/shuell/Projects/cpu-performance-study/benchmark/memory-access/raw_data/minstructor_0/out_18.txt
2,29715,Release,/home/shuell/Projects/cpu-performance-study/benchmark/memory-access/raw_data/minstructor_0/out_166.txt
16,19900,Release,/home/shuell/Projects/cpu-performance-study/benchmark/memory-access/raw_data/minstructor_0/out_213.txt
16,19953,Release,/home/shuell/Projects/cpu-performance-study/benchmark/memory-access/raw_data/minstructor_0/out_158.txt
128,5607,Release,/home/shuell/Projects/cpu-performance-study/benchmark/memory-access/raw_data/minstructor_0/out_260.txt
2,29896,Release,/home/shuell/Projects/cpu-performance-study/benchmark/memory-access/raw_data/minstructor_0/out_12.txt
512,1964,Release,/home/shuell/Projects/cpu-performance-study/benchmark/memory-access/raw_data/minstructor_0/out_196.txt
32,14658,Release,/home/shuell/Projects/cpu-performance-study/benchmark/memory-access/raw_data/minstructor_0/out_82.txt
256,3402,Release,/home/shuell/Projects/cpu-performance-study/benchmark/memory-access/raw_data/minstructor_0/out_206.txt
2,32022,Release,/home/shuell/Projects/cpu-performance-study/benchmark/memory-access/raw_data/minstructor_0/out_45.txt
2,29608,Release,/home/shuell/Projects/cpu-performance-study/benchmark/memory-access/raw_data/minstructor_0/out_254.txt
512,2005,Release,/home/shuell/Projects/cpu-performance-study/benchmark/memory-access/raw_data/minstructor_0/out_86.txt
128,5518,Release,/home/shuell/Projects/cpu-performance-study/benchmark/memory-access/raw_data/minstructor_0/out_216.txt
32,14793,Release,/home/shuell/Projects/cpu-performance-study/benchmark/memory-access/raw_data/minstructor_0/out_16.txt
1,52760,Release,/home/shuell/Projects/cpu-performance-study/benchmark/memory-access/raw_data/minstructor_0/out_220.txt
256,3393,Release,/home/shuell/Projects/cpu-performance-study/benchmark/memory-access/raw_data/minstructor_0/out_52.txt
512,1967,Release,/home/shuell/Projects/cpu-performance-study/benchmark/memory-access/raw_data/minstructor_0/out_42.txt
512,1981,Release,/home/shuell/Projects/cpu-performance-study/benchmark/memory-access/raw_data/minstructor_0/out_152.txt
1,52764,Release,/home/shuell/Projects/cpu-performance-study/benchmark/memory-access/raw_data/minstructor_0/out_11.txt
64,9784,Release,/home/shuell/Projects/cpu-performance-study/benchmark/memory-access/raw_data/minstructor_0/out_138.txt
64,9505,Release,/home/shuell/Projects/cpu-performance-study/benchmark/memory-access/raw_data/minstructor_0/out_182.txt
2,29632,Release,/home/shuell/Projects/cpu-performance-study/benchmark/memory-access/raw_data/minstructor_0/out_34.txt
8,20504,Release,/home/shuell/Projects/cpu-performance-study/benchmark/memory-access/raw_data/minstructor_0/out_201.txt
2,29564,Release,/home/shuell/Projects/cpu-performance-study/benchmark/memory-access/raw_data/minstructor_0/out_23.txt
128,5522,Release,/home/shuell/Projects/cpu-performance-study/benchmark/memory-access/raw_data/minstructor_0/out_238.txt
128,5518,Release,/home/shuell/Projects/cpu-performance-study/benchmark/memory-access/raw_data/minstructor_0/out_7.txt
1,52884,Release,/home/shuell/Projects/cpu-performance-study/benchmark/memory-access/raw_data/minstructor_0/out_187.txt
32,15010,Release,/home/shuell/Projects/cpu-performance-study/benchmark/memory-access/raw_data/minstructor_0/out_203.txt
1024,699,Release,/home/shuell/Projects/cpu-performance-study/benchmark/memory-access/raw_data/minstructor_0/out_208.txt
128,5498,Release,/home/shuell/Projects/cpu-performance-study/benchmark/memory-access/raw_data/minstructor_0/out_172.txt
2,29594,Release,/home/shuell/Projects/cpu-performance-study/benchmark/memory-access/raw_data/minstructor_0/out_210.txt
256,3418,Release,/home/shuell/Projects/cpu-performance-study/benchmark/memory-access/raw_data/minstructor_0/out_261.txt
256,3320,Release,/home/shuell/Projects/cpu-performance-study/benchmark/memory-access/raw_data/minstructor_0/out_173.txt
16,19943,Release,/home/shuell/Projects/cpu-performance-study/benchmark/memory-access/raw_data/minstructor_0/out_114.txt
8,20802,Release,/home/shuell/Projects/cpu-performance-study/benchmark/memory-access/raw_data/minstructor_0/out_25.txt
1024,701,Release,/home/shuell/Projects/cpu-performance-study/benchmark/memory-access/raw_data/minstructor_0/out_43.txt
128,5552,Release,/home/shuell/Projects/cpu-performance-study/benchmark/memory-access/raw_data/minstructor_0/out_205.txt
1024,698,Release,/home/shuell/Projects/cpu-performance-study/benchmark/memory-access/raw_data/minstructor_0/out_142.txt
16,19558,Release,/home/shuell/Projects/cpu-performance-study/benchmark/memory-access/raw_data/minstructor_0/out_59.txt
32,14694,Release,/home/shuell/Projects/cpu-performance-study/benchmark/memory-access/raw_data/minstructor_0/out_27.txt
32,15028,Release,/home/shuell/Projects/cpu-performance-study/benchmark/memory-access/raw_data/minstructor_0/out_236.txt
4,21938,Release,/home/shuell/Projects/cpu-performance-study/benchmark/memory-access/raw_data/minstructor_0/out_79.txt
1,52692,Release,/home/shuell/Projects/cpu-performance-study/benchmark/memory-access/raw_data/minstructor_0/out_253.txt
1024,695,Release,/home/shuell/Projects/cpu-performance-study/benchmark/memory-access/raw_data/minstructor_0/out_186.txt
4,21653,Release,/home/shuell/Projects/cpu-performance-study/benchmark/memory-access/raw_data/minstructor_0/out_68.txt
512,1967,Release,/home/shuell/Projects/cpu-performance-study/benchmark/memory-access/raw_data/minstructor_0/out_174.txt
32,15016,Release,/home/shuell/Projects/cpu-performance-study/benchmark/memory-access/raw_data/minstructor_0/out_38.txt
1,52854,Release,/home/shuell/Projects/cpu-performance-study/benchmark/memory-access/raw_data/minstructor_0/out_22.txt
16,20052,Release,/home/shuell/Projects/cpu-performance-study/benchmark/memory-access/raw_data/minstructor_0/out_202.txt
4,21561,Release,/home/shuell/Projects/cpu-performance-study/benchmark/memory-access/raw_data/minstructor_0/out_156.txt
2,29557,Release,/home/shuell/Projects/cpu-performance-study/benchmark/memory-access/raw_data/minstructor_0/out_67.txt
16,20685,Release,/home/shuell/Projects/cpu-performance-study/benchmark/memory-access/raw_data/minstructor_0/out_235.txt
1024,685,Release,/home/shuell/Projects/cpu-performance-study/benchmark/memory-access/raw_data/minstructor_0/out_274.txt
512,2011,Release,/home/shuell/Projects/cpu-performance-study/benchmark/memory-access/raw_data/minstructor_0/out_262.txt
256,3389,Release,/home/shuell/Projects/cpu-performance-study/benchmark/memory-access/raw_data/minstructor_0/out_85.txt
16,19957,Release,/home/shuell/Projects/cpu-performance-study/benchmark/memory-access/raw_data/minstructor_0/out_169.txt
64,9560,Release,/home/shuell/Projects/cpu-performance-study/benchmark/memory-access/raw_data/minstructor_0/out_193.txt
1024,686,Release,/home/shuell/Projects/cpu-performance-study/benchmark/memory-access/raw_data/minstructor_0/out_54.txt
64,10016,Release,/home/shuell/Projects/cpu-performance-study/benchmark/memory-access/raw_data/minstructor_0/out_83.txt
64,9681,Release,/home/shuell/Projects/cpu-performance-study/benchmark/memory-access/raw_data/minstructor_0/out_39.txt
2,29582,Release,/home/shuell/Projects/cpu-performance-study/benchmark/memory-access/raw_data/minstructor_0/out_111.txt
512,1940,Release,/home/shuell/Projects/cpu-performance-study/benchmark/memory-access/raw_data/minstructor_0/out_229.txt
256,3432,Release,/home/shuell/Projects/cpu-performance-study/benchmark/memory-access/raw_data/minstructor_0/out_19.txt
1024,686,Release,/home/shuell/Projects/cpu-performance-study/benchmark/memory-access/raw_data/minstructor_0/out_87.txt
64,9677,Release,/home/shuell/Projects/cpu-performance-study/benchmark/memory-access/raw_data/minstructor_0/out_160.txt
512,1984,Release,/home/shuell/Projects/cpu-performance-study/benchmark/memory-access/raw_data/minstructor_0/out_251.txt
1024,699,Release,/home/shuell/Projects/cpu-performance-study/benchmark/memory-access/raw_data/minstructor_0/out_175.txt
2,29685,Release,/home/shuell/Projects/cpu-performance-study/benchmark/memory-access/raw_data/minstructor_0/out_243.txt
2,29597,Release,/home/shuell/Projects/cpu-performance-study/benchmark/memory-access/raw_data/minstructor_0/out_100.txt
512,1987,Release,/home/shuell/Projects/cpu-performance-study/benchmark/memory-access/raw_data/minstructor_0/out_53.txt
1,52851,Release,/home/shuell/Projects/cpu-performance-study/benchmark/memory-access/raw_data/minstructor_0/out_88.txt
256,3416,Release,/home/shuell/Projects/cpu-performance-study/benchmark/memory-access/raw_data/minstructor_0/out_96.txt
16,19997,Release,/home/shuell/Projects/cpu-performance-study/benchmark/memory-access/raw_data/minstructor_0/out_92.txt
8,20124,Release,/home/shuell/Projects/cpu-performance-study/benchmark/memory-access/raw_data/minstructor_0/out_234.txt
128,5541,Release,/home/shuell/Projects/cpu-performance-study/benchmark/memory-access/raw_data/minstructor_0/out_95.txt
64,9608,Release,/home/shuell/Projects/cpu-performance-study/benchmark/memory-access/raw_data/minstructor_0/out_94.txt
256,3409,Release,/home/shuell/Projects/cpu-performance-study/benchmark/memory-access/raw_data/minstructor_0/out_74.txt
8,20134,Release,/home/shuell/Projects/cpu-performance-study/benchmark/memory-access/raw_data/minstructor_0/out_3.txt
256,3415,Release,/home/shuell/Projects/cpu-performance-study/benchmark/memory-access/raw_data/minstructor_0/out_41.txt
4,21887,Release,/home/shuell/Projects/cpu-performance-study/benchmark/memory-access/raw_data/minstructor_0/out_123.txt
2,29592,Release,/home/shuell/Projects/cpu-performance-study/benchmark/memory-access/raw_data/minstructor_0/out_78.txt
8,20114,Release,/home/shuell/Projects/cpu-performance-study/benchmark/memory-access/raw_data/minstructor_0/out_135.txt
4,21801,Release,/home/shuell/Projects/cpu-performance-study/benchmark/memory-access/raw_data/minstructor_0/out_244.txt
256,3365,Release,/home/shuell/Projects/cpu-performance-study/benchmark/memory-access/raw_data/minstructor_0/out_30.txt
1024,682,Release,/home/shuell/Projects/cpu-performance-study/benchmark/memory-access/raw_data/minstructor_0/out_230.txt
32,14721,Release,/home/shuell/Projects/cpu-performance-study/benchmark/memory-access/raw_data/minstructor_0/out_93.txt
128,5457,Release,/home/shuell/Projects/cpu-performance-study/benchmark/memory-access/raw_data/minstructor_0/out_161.txt
2,29577,Release,/home/shuell/Projects/cpu-performance-study/benchmark/memory-access/raw_data/minstructor_0/out_122.txt
128,5526,Release,/home/shuell/Projects/cpu-performance-study/benchmark/memory-access/raw_data/minstructor_0/out_40.txt
8,20424,Release,/home/shuell/Projects/cpu-performance-study/benchmark/memory-access/raw_data/minstructor_0/out_256.txt
