array_sz_in_kb,duration_ns_per_elem,build_type,data-file-path
32,0.0362225,Release,/home/shuell/Projects/cpu-performance-study/benchmark/gallery-of-processor-cache-effects/raw_data/l1-and-l2-cache-sizes/minstructor_0/out_257.txt
128,0.0859225,Release,/home/shuell/Projects/cpu-performance-study/benchmark/gallery-of-processor-cache-effects/raw_data/l1-and-l2-cache-sizes/minstructor_0/out_385.txt
16384,0.251299,Release,/home/shuell/Projects/cpu-performance-study/benchmark/gallery-of-processor-cache-effects/raw_data/l1-and-l2-cache-sizes/minstructor_0/out_56.txt
131072,0.289694,Release,/home/shuell/Projects/cpu-performance-study/benchmark/gallery-of-processor-cache-effects/raw_data/l1-and-l2-cache-sizes/minstructor_0/out_332.txt
256,0.102344,Release,/home/shuell/Projects/cpu-performance-study/benchmark/gallery-of-processor-cache-effects/raw_data/l1-and-l2-cache-sizes/minstructor_0/out_113.txt
32,0.03629,Release,/home/shuell/Projects/cpu-performance-study/benchmark/gallery-of-processor-cache-effects/raw_data/l1-and-l2-cache-sizes/minstructor_0/out_215.txt
1048576,0.296088,Release,/home/shuell/Projects/cpu-performance-study/benchmark/gallery-of-processor-cache-effects/raw_data/l1-and-l2-cache-sizes/minstructor_0/out_461.txt
4,0.03792,Release,/home/shuell/Projects/cpu-performance-study/benchmark/gallery-of-processor-cache-effects/raw_data/l1-and-l2-cache-sizes/minstructor_0/out_149.txt
8192,0.20159,Release,/home/shuell/Projects/cpu-performance-study/benchmark/gallery-of-processor-cache-effects/raw_data/l1-and-l2-cache-sizes/minstructor_0/out_55.txt
4096,0.138399,Release,/home/shuell/Projects/cpu-performance-study/benchmark/gallery-of-processor-cache-effects/raw_data/l1-and-l2-cache-sizes/minstructor_0/out_495.txt
2048,0.13181,Release,/home/shuell/Projects/cpu-performance-study/benchmark/gallery-of-processor-cache-effects/raw_data/l1-and-l2-cache-sizes/minstructor_0/out_389.txt
4096,0.136145,Release,/home/shuell/Projects/cpu-performance-study/benchmark/gallery-of-processor-cache-effects/raw_data/l1-and-l2-cache-sizes/minstructor_0/out_516.txt
8,0.0397,Release,/home/shuell/Projects/cpu-performance-study/benchmark/gallery-of-processor-cache-effects/raw_data/l1-and-l2-cache-sizes/minstructor_0/out_255.txt
524288,0.296694,Release,/home/shuell/Projects/cpu-performance-study/benchmark/gallery-of-processor-cache-effects/raw_data/l1-and-l2-cache-sizes/minstructor_0/out_418.txt
32,0.0363412,Release,/home/shuell/Projects/cpu-performance-study/benchmark/gallery-of-processor-cache-effects/raw_data/l1-and-l2-cache-sizes/minstructor_0/out_110.txt
2048,0.131194,Release,/home/shuell/Projects/cpu-performance-study/benchmark/gallery-of-processor-cache-effects/raw_data/l1-and-l2-cache-sizes/minstructor_0/out_242.txt
1,0.0458,Release,/home/shuell/Projects/cpu-performance-study/benchmark/gallery-of-processor-cache-effects/raw_data/l1-and-l2-cache-sizes/minstructor_0/out_378.txt
8192,0.205105,Release,/home/shuell/Projects/cpu-performance-study/benchmark/gallery-of-processor-cache-effects/raw_data/l1-and-l2-cache-sizes/minstructor_0/out_265.txt
2,0.0572,Release,/home/shuell/Projects/cpu-performance-study/benchmark/gallery-of-processor-cache-effects/raw_data/l1-and-l2-cache-sizes/minstructor_0/out_64.txt
32768,0.281471,Release,/home/shuell/Projects/cpu-performance-study/benchmark/gallery-of-processor-cache-effects/raw_data/l1-and-l2-cache-sizes/minstructor_0/out_15.txt
16384,0.238039,Release,/home/shuell/Projects/cpu-performance-study/benchmark/gallery-of-processor-cache-effects/raw_data/l1-and-l2-cache-sizes/minstructor_0/out_98.txt
65536,0.290005,Release,/home/shuell/Projects/cpu-performance-study/benchmark/gallery-of-processor-cache-effects/raw_data/l1-and-l2-cache-sizes/minstructor_0/out_352.txt
1048576,0.295374,Release,/home/shuell/Projects/cpu-performance-study/benchmark/gallery-of-processor-cache-effects/raw_data/l1-and-l2-cache-sizes/minstructor_0/out_146.txt
1024,0.131885,Release,/home/shuell/Projects/cpu-performance-study/benchmark/gallery-of-processor-cache-effects/raw_data/l1-and-l2-cache-sizes/minstructor_0/out_136.txt
4,0.03786,Release,/home/shuell/Projects/cpu-performance-study/benchmark/gallery-of-processor-cache-effects/raw_data/l1-and-l2-cache-sizes/minstructor_0/out_506.txt
2,0.05582,Release,/home/shuell/Projects/cpu-performance-study/benchmark/gallery-of-processor-cache-effects/raw_data/l1-and-l2-cache-sizes/minstructor_0/out_1.txt
131072,0.289083,Release,/home/shuell/Projects/cpu-performance-study/benchmark/gallery-of-processor-cache-effects/raw_data/l1-and-l2-cache-sizes/minstructor_0/out_269.txt
8,0.03959,Release,/home/shuell/Projects/cpu-performance-study/benchmark/gallery-of-processor-cache-effects/raw_data/l1-and-l2-cache-sizes/minstructor_0/out_381.txt
131072,0.289492,Release,/home/shuell/Projects/cpu-performance-study/benchmark/gallery-of-processor-cache-effects/raw_data/l1-and-l2-cache-sizes/minstructor_0/out_164.txt
131072,0.288263,Release,/home/shuell/Projects/cpu-performance-study/benchmark/gallery-of-processor-cache-effects/raw_data/l1-and-l2-cache-sizes/minstructor_0/out_311.txt
32768,0.271208,Release,/home/shuell/Projects/cpu-performance-study/benchmark/gallery-of-processor-cache-effects/raw_data/l1-and-l2-cache-sizes/minstructor_0/out_498.txt
65536,0.286736,Release,/home/shuell/Projects/cpu-performance-study/benchmark/gallery-of-processor-cache-effects/raw_data/l1-and-l2-cache-sizes/minstructor_0/out_310.txt
2048,0.132271,Release,/home/shuell/Projects/cpu-performance-study/benchmark/gallery-of-processor-cache-effects/raw_data/l1-and-l2-cache-sizes/minstructor_0/out_179.txt
1048576,0.295259,Release,/home/shuell/Projects/cpu-performance-study/benchmark/gallery-of-processor-cache-effects/raw_data/l1-and-l2-cache-sizes/minstructor_0/out_167.txt
131072,0.288824,Release,/home/shuell/Projects/cpu-performance-study/benchmark/gallery-of-processor-cache-effects/raw_data/l1-and-l2-cache-sizes/minstructor_0/out_395.txt
4096,0.138006,Release,/home/shuell/Projects/cpu-performance-study/benchmark/gallery-of-processor-cache-effects/raw_data/l1-and-l2-cache-sizes/minstructor_0/out_75.txt
128,0.0827356,Release,/home/shuell/Projects/cpu-performance-study/benchmark/gallery-of-processor-cache-effects/raw_data/l1-and-l2-cache-sizes/minstructor_0/out_343.txt
262144,0.292395,Release,/home/shuell/Projects/cpu-performance-study/benchmark/gallery-of-processor-cache-effects/raw_data/l1-and-l2-cache-sizes/minstructor_0/out_522.txt
1,0.04716,Release,/home/shuell/Projects/cpu-performance-study/benchmark/gallery-of-processor-cache-effects/raw_data/l1-and-l2-cache-sizes/minstructor_0/out_357.txt
128,0.0816994,Release,/home/shuell/Projects/cpu-performance-study/benchmark/gallery-of-processor-cache-effects/raw_data/l1-and-l2-cache-sizes/minstructor_0/out_406.txt
16,0.037455,Release,/home/shuell/Projects/cpu-performance-study/benchmark/gallery-of-processor-cache-effects/raw_data/l1-and-l2-cache-sizes/minstructor_0/out_214.txt
64,0.0874056,Release,/home/shuell/Projects/cpu-performance-study/benchmark/gallery-of-processor-cache-effects/raw_data/l1-and-l2-cache-sizes/minstructor_0/out_195.txt
1048576,0.296633,Release,/home/shuell/Projects/cpu-performance-study/benchmark/gallery-of-processor-cache-effects/raw_data/l1-and-l2-cache-sizes/minstructor_0/out_188.txt
512,0.130498,Release,/home/shuell/Projects/cpu-performance-study/benchmark/gallery-of-processor-cache-effects/raw_data/l1-and-l2-cache-sizes/minstructor_0/out_366.txt
512,0.127732,Release,/home/shuell/Projects/cpu-performance-study/benchmark/gallery-of-processor-cache-effects/raw_data/l1-and-l2-cache-sizes/minstructor_0/out_471.txt
131072,0.294455,Release,/home/shuell/Projects/cpu-performance-study/benchmark/gallery-of-processor-cache-effects/raw_data/l1-and-l2-cache-sizes/minstructor_0/out_521.txt
32,0.036335,Release,/home/shuell/Projects/cpu-performance-study/benchmark/gallery-of-processor-cache-effects/raw_data/l1-and-l2-cache-sizes/minstructor_0/out_509.txt
131072,0.293048,Release,/home/shuell/Projects/cpu-performance-study/benchmark/gallery-of-processor-cache-effects/raw_data/l1-and-l2-cache-sizes/minstructor_0/out_416.txt
512,0.125681,Release,/home/shuell/Projects/cpu-performance-study/benchmark/gallery-of-processor-cache-effects/raw_data/l1-and-l2-cache-sizes/minstructor_0/out_345.txt
16,0.0375075,Release,/home/shuell/Projects/cpu-performance-study/benchmark/gallery-of-processor-cache-effects/raw_data/l1-and-l2-cache-sizes/minstructor_0/out_382.txt
32,0.0362025,Release,/home/shuell/Projects/cpu-performance-study/benchmark/gallery-of-processor-cache-effects/raw_data/l1-and-l2-cache-sizes/minstructor_0/out_26.txt
8192,0.208362,Release,/home/shuell/Projects/cpu-performance-study/benchmark/gallery-of-processor-cache-effects/raw_data/l1-and-l2-cache-sizes/minstructor_0/out_370.txt
32,0.0362775,Release,/home/shuell/Projects/cpu-performance-study/benchmark/gallery-of-processor-cache-effects/raw_data/l1-and-l2-cache-sizes/minstructor_0/out_341.txt
128,0.0900703,Release,/home/shuell/Projects/cpu-performance-study/benchmark/gallery-of-processor-cache-effects/raw_data/l1-and-l2-cache-sizes/minstructor_0/out_364.txt
128,0.0918984,Release,/home/shuell/Projects/cpu-performance-study/benchmark/gallery-of-processor-cache-effects/raw_data/l1-and-l2-cache-sizes/minstructor_0/out_322.txt
4,0.03781,Release,/home/shuell/Projects/cpu-performance-study/benchmark/gallery-of-processor-cache-effects/raw_data/l1-and-l2-cache-sizes/minstructor_0/out_422.txt
512,0.128179,Release,/home/shuell/Projects/cpu-performance-study/benchmark/gallery-of-processor-cache-effects/raw_data/l1-and-l2-cache-sizes/minstructor_0/out_177.txt
64,0.0810119,Release,/home/shuell/Projects/cpu-performance-study/benchmark/gallery-of-processor-cache-effects/raw_data/l1-and-l2-cache-sizes/minstructor_0/out_426.txt
1048576,0.295736,Release,/home/shuell/Projects/cpu-performance-study/benchmark/gallery-of-processor-cache-effects/raw_data/l1-and-l2-cache-sizes/minstructor_0/out_524.txt
524288,0.295638,Release,/home/shuell/Projects/cpu-performance-study/benchmark/gallery-of-processor-cache-effects/raw_data/l1-and-l2-cache-sizes/minstructor_0/out_61.txt
131072,0.292751,Release,/home/shuell/Projects/cpu-performance-study/benchmark/gallery-of-processor-cache-effects/raw_data/l1-and-l2-cache-sizes/minstructor_0/out_185.txt
1024,0.131118,Release,/home/shuell/Projects/cpu-performance-study/benchmark/gallery-of-processor-cache-effects/raw_data/l1-and-l2-cache-sizes/minstructor_0/out_157.txt
1,0.04652,Release,/home/shuell/Projects/cpu-performance-study/benchmark/gallery-of-processor-cache-effects/raw_data/l1-and-l2-cache-sizes/minstructor_0/out_273.txt
262144,0.291779,Release,/home/shuell/Projects/cpu-performance-study/benchmark/gallery-of-processor-cache-effects/raw_data/l1-and-l2-cache-sizes/minstructor_0/out_312.txt
1024,0.1312,Release,/home/shuell/Projects/cpu-performance-study/benchmark/gallery-of-processor-cache-effects/raw_data/l1-and-l2-cache-sizes/minstructor_0/out_367.txt
256,0.0981566,Release,/home/shuell/Projects/cpu-performance-study/benchmark/gallery-of-processor-cache-effects/raw_data/l1-and-l2-cache-sizes/minstructor_0/out_407.txt
2,0.05546,Release,/home/shuell/Projects/cpu-performance-study/benchmark/gallery-of-processor-cache-effects/raw_data/l1-and-l2-cache-sizes/minstructor_0/out_358.txt
64,0.0823481,Release,/home/shuell/Projects/cpu-performance-study/benchmark/gallery-of-processor-cache-effects/raw_data/l1-and-l2-cache-sizes/minstructor_0/out_258.txt
512,0.127751,Release,/home/shuell/Projects/cpu-performance-study/benchmark/gallery-of-processor-cache-effects/raw_data/l1-and-l2-cache-sizes/minstructor_0/out_72.txt
256,0.0918505,Release,/home/shuell/Projects/cpu-performance-study/benchmark/gallery-of-processor-cache-effects/raw_data/l1-and-l2-cache-sizes/minstructor_0/out_176.txt
4,0.03765,Release,/home/shuell/Projects/cpu-performance-study/benchmark/gallery-of-processor-cache-effects/raw_data/l1-and-l2-cache-sizes/minstructor_0/out_44.txt
1,0.0466,Release,/home/shuell/Projects/cpu-performance-study/benchmark/gallery-of-processor-cache-effects/raw_data/l1-and-l2-cache-sizes/minstructor_0/out_21.txt
524288,0.29463,Release,/home/shuell/Projects/cpu-performance-study/benchmark/gallery-of-processor-cache-effects/raw_data/l1-and-l2-cache-sizes/minstructor_0/out_502.txt
65536,0.28459,Release,/home/shuell/Projects/cpu-performance-study/benchmark/gallery-of-processor-cache-effects/raw_data/l1-and-l2-cache-sizes/minstructor_0/out_394.txt
8192,0.203776,Release,/home/shuell/Projects/cpu-performance-study/benchmark/gallery-of-processor-cache-effects/raw_data/l1-and-l2-cache-sizes/minstructor_0/out_223.txt
16,0.03748,Release,/home/shuell/Projects/cpu-performance-study/benchmark/gallery-of-processor-cache-effects/raw_data/l1-and-l2-cache-sizes/minstructor_0/out_508.txt
4,0.0377,Release,/home/shuell/Projects/cpu-performance-study/benchmark/gallery-of-processor-cache-effects/raw_data/l1-and-l2-cache-sizes/minstructor_0/out_107.txt
1,0.04732,Release,/home/shuell/Projects/cpu-performance-study/benchmark/gallery-of-processor-cache-effects/raw_data/l1-and-l2-cache-sizes/minstructor_0/out_315.txt
32768,0.270181,Release,/home/shuell/Projects/cpu-performance-study/benchmark/gallery-of-processor-cache-effects/raw_data/l1-and-l2-cache-sizes/minstructor_0/out_183.txt
8,0.039595,Release,/home/shuell/Projects/cpu-performance-study/benchmark/gallery-of-processor-cache-effects/raw_data/l1-and-l2-cache-sizes/minstructor_0/out_360.txt
131072,0.294309,Release,/home/shuell/Projects/cpu-performance-study/benchmark/gallery-of-processor-cache-effects/raw_data/l1-and-l2-cache-sizes/minstructor_0/out_227.txt
128,0.0889284,Release,/home/shuell/Projects/cpu-performance-study/benchmark/gallery-of-processor-cache-effects/raw_data/l1-and-l2-cache-sizes/minstructor_0/out_427.txt
32768,0.271777,Release,/home/shuell/Projects/cpu-performance-study/benchmark/gallery-of-processor-cache-effects/raw_data/l1-and-l2-cache-sizes/minstructor_0/out_204.txt
131072,0.292731,Release,/home/shuell/Projects/cpu-performance-study/benchmark/gallery-of-processor-cache-effects/raw_data/l1-and-l2-cache-sizes/minstructor_0/out_479.txt
2048,0.132167,Release,/home/shuell/Projects/cpu-performance-study/benchmark/gallery-of-processor-cache-effects/raw_data/l1-and-l2-cache-sizes/minstructor_0/out_410.txt
512,0.131011,Release,/home/shuell/Projects/cpu-performance-study/benchmark/gallery-of-processor-cache-effects/raw_data/l1-and-l2-cache-sizes/minstructor_0/out_450.txt
128,0.0918016,Release,/home/shuell/Projects/cpu-performance-study/benchmark/gallery-of-processor-cache-effects/raw_data/l1-and-l2-cache-sizes/minstructor_0/out_448.txt
512,0.128497,Release,/home/shuell/Projects/cpu-performance-study/benchmark/gallery-of-processor-cache-effects/raw_data/l1-and-l2-cache-sizes/minstructor_0/out_282.txt
16,0.03742,Release,/home/shuell/Projects/cpu-performance-study/benchmark/gallery-of-processor-cache-effects/raw_data/l1-and-l2-cache-sizes/minstructor_0/out_424.txt
524288,0.295726,Release,/home/shuell/Projects/cpu-performance-study/benchmark/gallery-of-processor-cache-effects/raw_data/l1-and-l2-cache-sizes/minstructor_0/out_124.txt
32,0.0362162,Release,/home/shuell/Projects/cpu-performance-study/benchmark/gallery-of-processor-cache-effects/raw_data/l1-and-l2-cache-sizes/minstructor_0/out_278.txt
131072,0.294724,Release,/home/shuell/Projects/cpu-performance-study/benchmark/gallery-of-processor-cache-effects/raw_data/l1-and-l2-cache-sizes/minstructor_0/out_458.txt
2,0.05744,Release,/home/shuell/Projects/cpu-performance-study/benchmark/gallery-of-processor-cache-effects/raw_data/l1-and-l2-cache-sizes/minstructor_0/out_232.txt
524288,0.296478,Release,/home/shuell/Projects/cpu-performance-study/benchmark/gallery-of-processor-cache-effects/raw_data/l1-and-l2-cache-sizes/minstructor_0/out_397.txt
1,0.04544,Release,/home/shuell/Projects/cpu-performance-study/benchmark/gallery-of-processor-cache-effects/raw_data/l1-and-l2-cache-sizes/minstructor_0/out_231.txt
2,0.05714,Release,/home/shuell/Projects/cpu-performance-study/benchmark/gallery-of-processor-cache-effects/raw_data/l1-and-l2-cache-sizes/minstructor_0/out_337.txt
32768,0.271785,Release,/home/shuell/Projects/cpu-performance-study/benchmark/gallery-of-processor-cache-effects/raw_data/l1-and-l2-cache-sizes/minstructor_0/out_141.txt
8,0.0399,Release,/home/shuell/Projects/cpu-performance-study/benchmark/gallery-of-processor-cache-effects/raw_data/l1-and-l2-cache-sizes/minstructor_0/out_129.txt
16,0.037455,Release,/home/shuell/Projects/cpu-performance-study/benchmark/gallery-of-processor-cache-effects/raw_data/l1-and-l2-cache-sizes/minstructor_0/out_319.txt
1,0.04672,Release,/home/shuell/Projects/cpu-performance-study/benchmark/gallery-of-processor-cache-effects/raw_data/l1-and-l2-cache-sizes/minstructor_0/out_168.txt
8,0.039705,Release,/home/shuell/Projects/cpu-performance-study/benchmark/gallery-of-processor-cache-effects/raw_data/l1-and-l2-cache-sizes/minstructor_0/out_24.txt
4,0.03766,Release,/home/shuell/Projects/cpu-performance-study/benchmark/gallery-of-processor-cache-effects/raw_data/l1-and-l2-cache-sizes/minstructor_0/out_212.txt
64,0.0811812,Release,/home/shuell/Projects/cpu-performance-study/benchmark/gallery-of-processor-cache-effects/raw_data/l1-and-l2-cache-sizes/minstructor_0/out_489.txt
8,0.039735,Release,/home/shuell/Projects/cpu-performance-study/benchmark/gallery-of-processor-cache-effects/raw_data/l1-and-l2-cache-sizes/minstructor_0/out_297.txt
4,0.03763,Release,/home/shuell/Projects/cpu-performance-study/benchmark/gallery-of-processor-cache-effects/raw_data/l1-and-l2-cache-sizes/minstructor_0/out_191.txt
2,0.05562,Release,/home/shuell/Projects/cpu-performance-study/benchmark/gallery-of-processor-cache-effects/raw_data/l1-and-l2-cache-sizes/minstructor_0/out_463.txt
8192,0.197672,Release,/home/shuell/Projects/cpu-performance-study/benchmark/gallery-of-processor-cache-effects/raw_data/l1-and-l2-cache-sizes/minstructor_0/out_517.txt
1024,0.131453,Release,/home/shuell/Projects/cpu-performance-study/benchmark/gallery-of-processor-cache-effects/raw_data/l1-and-l2-cache-sizes/minstructor_0/out_325.txt
2,0.05594,Release,/home/shuell/Projects/cpu-performance-study/benchmark/gallery-of-processor-cache-effects/raw_data/l1-and-l2-cache-sizes/minstructor_0/out_295.txt
1,0.04736,Release,/home/shuell/Projects/cpu-performance-study/benchmark/gallery-of-processor-cache-effects/raw_data/l1-and-l2-cache-sizes/minstructor_0/out_252.txt
128,0.0809616,Release,/home/shuell/Projects/cpu-performance-study/benchmark/gallery-of-processor-cache-effects/raw_data/l1-and-l2-cache-sizes/minstructor_0/out_217.txt
65536,0.286931,Release,/home/shuell/Projects/cpu-performance-study/benchmark/gallery-of-processor-cache-effects/raw_data/l1-and-l2-cache-sizes/minstructor_0/out_226.txt
2,0.05726,Release,/home/shuell/Projects/cpu-performance-study/benchmark/gallery-of-processor-cache-effects/raw_data/l1-and-l2-cache-sizes/minstructor_0/out_148.txt
16,0.043005,Release,/home/shuell/Projects/cpu-performance-study/benchmark/gallery-of-processor-cache-effects/raw_data/l1-and-l2-cache-sizes/minstructor_0/out_445.txt
64,0.0815319,Release,/home/shuell/Projects/cpu-performance-study/benchmark/gallery-of-processor-cache-effects/raw_data/l1-and-l2-cache-sizes/minstructor_0/out_468.txt
131072,0.292568,Release,/home/shuell/Projects/cpu-performance-study/benchmark/gallery-of-processor-cache-effects/raw_data/l1-and-l2-cache-sizes/minstructor_0/out_290.txt
524288,0.296368,Release,/home/shuell/Projects/cpu-performance-study/benchmark/gallery-of-processor-cache-effects/raw_data/l1-and-l2-cache-sizes/minstructor_0/out_292.txt
2,0.05726,Release,/home/shuell/Projects/cpu-performance-study/benchmark/gallery-of-processor-cache-effects/raw_data/l1-and-l2-cache-sizes/minstructor_0/out_106.txt
32768,0.271968,Release,/home/shuell/Projects/cpu-performance-study/benchmark/gallery-of-processor-cache-effects/raw_data/l1-and-l2-cache-sizes/minstructor_0/out_414.txt
256,0.103501,Release,/home/shuell/Projects/cpu-performance-study/benchmark/gallery-of-processor-cache-effects/raw_data/l1-and-l2-cache-sizes/minstructor_0/out_365.txt
32,0.0362063,Release,/home/shuell/Projects/cpu-performance-study/benchmark/gallery-of-processor-cache-effects/raw_data/l1-and-l2-cache-sizes/minstructor_0/out_404.txt
128,0.0890291,Release,/home/shuell/Projects/cpu-performance-study/benchmark/gallery-of-processor-cache-effects/raw_data/l1-and-l2-cache-sizes/minstructor_0/out_112.txt
64,0.0828025,Release,/home/shuell/Projects/cpu-performance-study/benchmark/gallery-of-processor-cache-effects/raw_data/l1-and-l2-cache-sizes/minstructor_0/out_237.txt
4,0.03747,Release,/home/shuell/Projects/cpu-performance-study/benchmark/gallery-of-processor-cache-effects/raw_data/l1-and-l2-cache-sizes/minstructor_0/out_380.txt
32768,0.270812,Release,/home/shuell/Projects/cpu-performance-study/benchmark/gallery-of-processor-cache-effects/raw_data/l1-and-l2-cache-sizes/minstructor_0/out_477.txt
64,0.0841594,Release,/home/shuell/Projects/cpu-performance-study/benchmark/gallery-of-processor-cache-effects/raw_data/l1-and-l2-cache-sizes/minstructor_0/out_153.txt
16384,0.238011,Release,/home/shuell/Projects/cpu-performance-study/benchmark/gallery-of-processor-cache-effects/raw_data/l1-and-l2-cache-sizes/minstructor_0/out_434.txt
8,0.039635,Release,/home/shuell/Projects/cpu-performance-study/benchmark/gallery-of-processor-cache-effects/raw_data/l1-and-l2-cache-sizes/minstructor_0/out_150.txt
64,0.0815,Release,/home/shuell/Projects/cpu-performance-study/benchmark/gallery-of-processor-cache-effects/raw_data/l1-and-l2-cache-sizes/minstructor_0/out_132.txt
1,0.04628,Release,/home/shuell/Projects/cpu-performance-study/benchmark/gallery-of-processor-cache-effects/raw_data/l1-and-l2-cache-sizes/minstructor_0/out_147.txt
524288,0.296102,Release,/home/shuell/Projects/cpu-performance-study/benchmark/gallery-of-processor-cache-effects/raw_data/l1-and-l2-cache-sizes/minstructor_0/out_334.txt
524288,0.294786,Release,/home/shuell/Projects/cpu-performance-study/benchmark/gallery-of-processor-cache-effects/raw_data/l1-and-l2-cache-sizes/minstructor_0/out_271.txt
8192,0.195099,Release,/home/shuell/Projects/cpu-performance-study/benchmark/gallery-of-processor-cache-effects/raw_data/l1-and-l2-cache-sizes/minstructor_0/out_328.txt
2,0.05708,Release,/home/shuell/Projects/cpu-performance-study/benchmark/gallery-of-processor-cache-effects/raw_data/l1-and-l2-cache-sizes/minstructor_0/out_421.txt
4096,0.136598,Release,/home/shuell/Projects/cpu-performance-study/benchmark/gallery-of-processor-cache-effects/raw_data/l1-and-l2-cache-sizes/minstructor_0/out_369.txt
1,0.0466,Release,/home/shuell/Projects/cpu-performance-study/benchmark/gallery-of-processor-cache-effects/raw_data/l1-and-l2-cache-sizes/minstructor_0/out_399.txt
1048576,0.297378,Release,/home/shuell/Projects/cpu-performance-study/benchmark/gallery-of-processor-cache-effects/raw_data/l1-and-l2-cache-sizes/minstructor_0/out_314.txt
4096,0.141673,Release,/home/shuell/Projects/cpu-performance-study/benchmark/gallery-of-processor-cache-effects/raw_data/l1-and-l2-cache-sizes/minstructor_0/out_264.txt
4096,0.13758,Release,/home/shuell/Projects/cpu-performance-study/benchmark/gallery-of-processor-cache-effects/raw_data/l1-and-l2-cache-sizes/minstructor_0/out_117.txt
256,0.10222,Release,/home/shuell/Projects/cpu-performance-study/benchmark/gallery-of-processor-cache-effects/raw_data/l1-and-l2-cache-sizes/minstructor_0/out_134.txt
262144,0.292567,Release,/home/shuell/Projects/cpu-performance-study/benchmark/gallery-of-processor-cache-effects/raw_data/l1-and-l2-cache-sizes/minstructor_0/out_375.txt
65536,0.283757,Release,/home/shuell/Projects/cpu-performance-study/benchmark/gallery-of-processor-cache-effects/raw_data/l1-and-l2-cache-sizes/minstructor_0/out_268.txt
1,0.04876,Release,/home/shuell/Projects/cpu-performance-study/benchmark/gallery-of-processor-cache-effects/raw_data/l1-and-l2-cache-sizes/minstructor_0/out_420.txt
128,0.0814097,Release,/home/shuell/Projects/cpu-performance-study/benchmark/gallery-of-processor-cache-effects/raw_data/l1-and-l2-cache-sizes/minstructor_0/out_49.txt
1048576,0.297259,Release,/home/shuell/Projects/cpu-performance-study/benchmark/gallery-of-processor-cache-effects/raw_data/l1-and-l2-cache-sizes/minstructor_0/out_419.txt
64,0.0800881,Release,/home/shuell/Projects/cpu-performance-study/benchmark/gallery-of-processor-cache-effects/raw_data/l1-and-l2-cache-sizes/minstructor_0/out_69.txt
256,0.0967653,Release,/home/shuell/Projects/cpu-performance-study/benchmark/gallery-of-processor-cache-effects/raw_data/l1-and-l2-cache-sizes/minstructor_0/out_218.txt
524288,0.29428,Release,/home/shuell/Projects/cpu-performance-study/benchmark/gallery-of-processor-cache-effects/raw_data/l1-and-l2-cache-sizes/minstructor_0/out_481.txt
256,0.104004,Release,/home/shuell/Projects/cpu-performance-study/benchmark/gallery-of-processor-cache-effects/raw_data/l1-and-l2-cache-sizes/minstructor_0/out_197.txt
2048,0.131515,Release,/home/shuell/Projects/cpu-performance-study/benchmark/gallery-of-processor-cache-effects/raw_data/l1-and-l2-cache-sizes/minstructor_0/out_263.txt
16384,0.245358,Release,/home/shuell/Projects/cpu-performance-study/benchmark/gallery-of-processor-cache-effects/raw_data/l1-and-l2-cache-sizes/minstructor_0/out_287.txt
2048,0.131092,Release,/home/shuell/Projects/cpu-performance-study/benchmark/gallery-of-processor-cache-effects/raw_data/l1-and-l2-cache-sizes/minstructor_0/out_221.txt
16384,0.243701,Release,/home/shuell/Projects/cpu-performance-study/benchmark/gallery-of-processor-cache-effects/raw_data/l1-and-l2-cache-sizes/minstructor_0/out_455.txt
65536,0.283494,Release,/home/shuell/Projects/cpu-performance-study/benchmark/gallery-of-processor-cache-effects/raw_data/l1-and-l2-cache-sizes/minstructor_0/out_163.txt
8,0.0394,Release,/home/shuell/Projects/cpu-performance-study/benchmark/gallery-of-processor-cache-effects/raw_data/l1-and-l2-cache-sizes/minstructor_0/out_192.txt
262144,0.29674,Release,/home/shuell/Projects/cpu-performance-study/benchmark/gallery-of-processor-cache-effects/raw_data/l1-and-l2-cache-sizes/minstructor_0/out_270.txt
32,0.0362488,Release,/home/shuell/Projects/cpu-performance-study/benchmark/gallery-of-processor-cache-effects/raw_data/l1-and-l2-cache-sizes/minstructor_0/out_320.txt
64,0.0829137,Release,/home/shuell/Projects/cpu-performance-study/benchmark/gallery-of-processor-cache-effects/raw_data/l1-and-l2-cache-sizes/minstructor_0/out_90.txt
1024,0.132034,Release,/home/shuell/Projects/cpu-performance-study/benchmark/gallery-of-processor-cache-effects/raw_data/l1-and-l2-cache-sizes/minstructor_0/out_430.txt
512,0.127334,Release,/home/shuell/Projects/cpu-performance-study/benchmark/gallery-of-processor-cache-effects/raw_data/l1-and-l2-cache-sizes/minstructor_0/out_9.txt
131072,0.289472,Release,/home/shuell/Projects/cpu-performance-study/benchmark/gallery-of-processor-cache-effects/raw_data/l1-and-l2-cache-sizes/minstructor_0/out_101.txt
512,0.127212,Release,/home/shuell/Projects/cpu-performance-study/benchmark/gallery-of-processor-cache-effects/raw_data/l1-and-l2-cache-sizes/minstructor_0/out_408.txt
2,0.0557,Release,/home/shuell/Projects/cpu-performance-study/benchmark/gallery-of-processor-cache-effects/raw_data/l1-and-l2-cache-sizes/minstructor_0/out_400.txt
16384,0.240732,Release,/home/shuell/Projects/cpu-performance-study/benchmark/gallery-of-processor-cache-effects/raw_data/l1-and-l2-cache-sizes/minstructor_0/out_119.txt
1,0.0464,Release,/home/shuell/Projects/cpu-performance-study/benchmark/gallery-of-processor-cache-effects/raw_data/l1-and-l2-cache-sizes/minstructor_0/out_462.txt
8,0.03977,Release,/home/shuell/Projects/cpu-performance-study/benchmark/gallery-of-processor-cache-effects/raw_data/l1-and-l2-cache-sizes/minstructor_0/out_402.txt
131072,0.28868,Release,/home/shuell/Projects/cpu-performance-study/benchmark/gallery-of-processor-cache-effects/raw_data/l1-and-l2-cache-sizes/minstructor_0/out_437.txt
262144,0.292291,Release,/home/shuell/Projects/cpu-performance-study/benchmark/gallery-of-processor-cache-effects/raw_data/l1-and-l2-cache-sizes/minstructor_0/out_249.txt
524288,0.295897,Release,/home/shuell/Projects/cpu-performance-study/benchmark/gallery-of-processor-cache-effects/raw_data/l1-and-l2-cache-sizes/minstructor_0/out_145.txt
32,0.0363238,Release,/home/shuell/Projects/cpu-performance-study/benchmark/gallery-of-processor-cache-effects/raw_data/l1-and-l2-cache-sizes/minstructor_0/out_89.txt
2048,0.131784,Release,/home/shuell/Projects/cpu-performance-study/benchmark/gallery-of-processor-cache-effects/raw_data/l1-and-l2-cache-sizes/minstructor_0/out_305.txt
1048576,0.295883,Release,/home/shuell/Projects/cpu-performance-study/benchmark/gallery-of-processor-cache-effects/raw_data/l1-and-l2-cache-sizes/minstructor_0/out_335.txt
524288,0.296172,Release,/home/shuell/Projects/cpu-performance-study/benchmark/gallery-of-processor-cache-effects/raw_data/l1-and-l2-cache-sizes/minstructor_0/out_355.txt
256,0.0958044,Release,/home/shuell/Projects/cpu-performance-study/benchmark/gallery-of-processor-cache-effects/raw_data/l1-and-l2-cache-sizes/minstructor_0/out_449.txt
8192,0.203945,Release,/home/shuell/Projects/cpu-performance-study/benchmark/gallery-of-processor-cache-effects/raw_data/l1-and-l2-cache-sizes/minstructor_0/out_286.txt
256,0.0976405,Release,/home/shuell/Projects/cpu-performance-study/benchmark/gallery-of-processor-cache-effects/raw_data/l1-and-l2-cache-sizes/minstructor_0/out_512.txt
2048,0.132396,Release,/home/shuell/Projects/cpu-performance-study/benchmark/gallery-of-processor-cache-effects/raw_data/l1-and-l2-cache-sizes/minstructor_0/out_473.txt
2048,0.13173,Release,/home/shuell/Projects/cpu-performance-study/benchmark/gallery-of-processor-cache-effects/raw_data/l1-and-l2-cache-sizes/minstructor_0/out_326.txt
4,0.03754,Release,/home/shuell/Projects/cpu-performance-study/benchmark/gallery-of-processor-cache-effects/raw_data/l1-and-l2-cache-sizes/minstructor_0/out_65.txt
16384,0.237343,Release,/home/shuell/Projects/cpu-performance-study/benchmark/gallery-of-processor-cache-effects/raw_data/l1-and-l2-cache-sizes/minstructor_0/out_392.txt
512,0.130434,Release,/home/shuell/Projects/cpu-performance-study/benchmark/gallery-of-processor-cache-effects/raw_data/l1-and-l2-cache-sizes/minstructor_0/out_198.txt
16384,0.249546,Release,/home/shuell/Projects/cpu-performance-study/benchmark/gallery-of-processor-cache-effects/raw_data/l1-and-l2-cache-sizes/minstructor_0/out_14.txt
8192,0.201091,Release,/home/shuell/Projects/cpu-performance-study/benchmark/gallery-of-processor-cache-effects/raw_data/l1-and-l2-cache-sizes/minstructor_0/out_349.txt
16384,0.239158,Release,/home/shuell/Projects/cpu-performance-study/benchmark/gallery-of-processor-cache-effects/raw_data/l1-and-l2-cache-sizes/minstructor_0/out_140.txt
16,0.03733,Release,/home/shuell/Projects/cpu-performance-study/benchmark/gallery-of-processor-cache-effects/raw_data/l1-and-l2-cache-sizes/minstructor_0/out_487.txt
262144,0.300842,Release,/home/shuell/Projects/cpu-performance-study/benchmark/gallery-of-processor-cache-effects/raw_data/l1-and-l2-cache-sizes/minstructor_0/out_438.txt
32,0.03623,Release,/home/shuell/Projects/cpu-performance-study/benchmark/gallery-of-processor-cache-effects/raw_data/l1-and-l2-cache-sizes/minstructor_0/out_47.txt
256,0.100042,Release,/home/shuell/Projects/cpu-performance-study/benchmark/gallery-of-processor-cache-effects/raw_data/l1-and-l2-cache-sizes/minstructor_0/out_281.txt
2048,0.131227,Release,/home/shuell/Projects/cpu-performance-study/benchmark/gallery-of-processor-cache-effects/raw_data/l1-and-l2-cache-sizes/minstructor_0/out_116.txt
256,0.103032,Release,/home/shuell/Projects/cpu-performance-study/benchmark/gallery-of-processor-cache-effects/raw_data/l1-and-l2-cache-sizes/minstructor_0/out_491.txt
131072,0.295039,Release,/home/shuell/Projects/cpu-performance-study/benchmark/gallery-of-processor-cache-effects/raw_data/l1-and-l2-cache-sizes/minstructor_0/out_353.txt
8,0.03962,Release,/home/shuell/Projects/cpu-performance-study/benchmark/gallery-of-processor-cache-effects/raw_data/l1-and-l2-cache-sizes/minstructor_0/out_507.txt
1024,0.13532,Release,/home/shuell/Projects/cpu-performance-study/benchmark/gallery-of-processor-cache-effects/raw_data/l1-and-l2-cache-sizes/minstructor_0/out_199.txt
8192,0.207834,Release,/home/shuell/Projects/cpu-performance-study/benchmark/gallery-of-processor-cache-effects/raw_data/l1-and-l2-cache-sizes/minstructor_0/out_139.txt
4,0.03749,Release,/home/shuell/Projects/cpu-performance-study/benchmark/gallery-of-processor-cache-effects/raw_data/l1-and-l2-cache-sizes/minstructor_0/out_296.txt
32768,0.272272,Release,/home/shuell/Projects/cpu-performance-study/benchmark/gallery-of-processor-cache-effects/raw_data/l1-and-l2-cache-sizes/minstructor_0/out_99.txt
256,0.109898,Release,/home/shuell/Projects/cpu-performance-study/benchmark/gallery-of-processor-cache-effects/raw_data/l1-and-l2-cache-sizes/minstructor_0/out_29.txt
128,0.0909297,Release,/home/shuell/Projects/cpu-performance-study/benchmark/gallery-of-processor-cache-effects/raw_data/l1-and-l2-cache-sizes/minstructor_0/out_301.txt
1024,0.133762,Release,/home/shuell/Projects/cpu-performance-study/benchmark/gallery-of-processor-cache-effects/raw_data/l1-and-l2-cache-sizes/minstructor_0/out_31.txt
262144,0.29388,Release,/home/shuell/Projects/cpu-performance-study/benchmark/gallery-of-processor-cache-effects/raw_data/l1-and-l2-cache-sizes/minstructor_0/out_81.txt
16384,0.242697,Release,/home/shuell/Projects/cpu-performance-study/benchmark/gallery-of-processor-cache-effects/raw_data/l1-and-l2-cache-sizes/minstructor_0/out_77.txt
256,0.0992698,Release,/home/shuell/Projects/cpu-performance-study/benchmark/gallery-of-processor-cache-effects/raw_data/l1-and-l2-cache-sizes/minstructor_0/out_386.txt
8,0.03967,Release,/home/shuell/Projects/cpu-performance-study/benchmark/gallery-of-processor-cache-effects/raw_data/l1-and-l2-cache-sizes/minstructor_0/out_66.txt
16,0.0374,Release,/home/shuell/Projects/cpu-performance-study/benchmark/gallery-of-processor-cache-effects/raw_data/l1-and-l2-cache-sizes/minstructor_0/out_130.txt
16384,0.242519,Release,/home/shuell/Projects/cpu-performance-study/benchmark/gallery-of-processor-cache-effects/raw_data/l1-and-l2-cache-sizes/minstructor_0/out_329.txt
16384,0.239547,Release,/home/shuell/Projects/cpu-performance-study/benchmark/gallery-of-processor-cache-effects/raw_data/l1-and-l2-cache-sizes/minstructor_0/out_224.txt
512,0.131134,Release,/home/shuell/Projects/cpu-performance-study/benchmark/gallery-of-processor-cache-effects/raw_data/l1-and-l2-cache-sizes/minstructor_0/out_303.txt
512,0.130142,Release,/home/shuell/Projects/cpu-performance-study/benchmark/gallery-of-processor-cache-effects/raw_data/l1-and-l2-cache-sizes/minstructor_0/out_219.txt
4096,0.140098,Release,/home/shuell/Projects/cpu-performance-study/benchmark/gallery-of-processor-cache-effects/raw_data/l1-and-l2-cache-sizes/minstructor_0/out_33.txt
2048,0.131928,Release,/home/shuell/Projects/cpu-performance-study/benchmark/gallery-of-processor-cache-effects/raw_data/l1-and-l2-cache-sizes/minstructor_0/out_137.txt
65536,0.285696,Release,/home/shuell/Projects/cpu-performance-study/benchmark/gallery-of-processor-cache-effects/raw_data/l1-and-l2-cache-sizes/minstructor_0/out_436.txt
262144,0.293877,Release,/home/shuell/Projects/cpu-performance-study/benchmark/gallery-of-processor-cache-effects/raw_data/l1-and-l2-cache-sizes/minstructor_0/out_102.txt
8192,0.211121,Release,/home/shuell/Projects/cpu-performance-study/benchmark/gallery-of-processor-cache-effects/raw_data/l1-and-l2-cache-sizes/minstructor_0/out_181.txt
1048576,0.296872,Release,/home/shuell/Projects/cpu-performance-study/benchmark/gallery-of-processor-cache-effects/raw_data/l1-and-l2-cache-sizes/minstructor_0/out_20.txt
1,0.0472,Release,/home/shuell/Projects/cpu-performance-study/benchmark/gallery-of-processor-cache-effects/raw_data/l1-and-l2-cache-sizes/minstructor_0/out_63.txt
2048,0.131936,Release,/home/shuell/Projects/cpu-performance-study/benchmark/gallery-of-processor-cache-effects/raw_data/l1-and-l2-cache-sizes/minstructor_0/out_284.txt
524288,0.295413,Release,/home/shuell/Projects/cpu-performance-study/benchmark/gallery-of-processor-cache-effects/raw_data/l1-and-l2-cache-sizes/minstructor_0/out_250.txt
1,0.04756,Release,/home/shuell/Projects/cpu-performance-study/benchmark/gallery-of-processor-cache-effects/raw_data/l1-and-l2-cache-sizes/minstructor_0/out_294.txt
1024,0.132119,Release,/home/shuell/Projects/cpu-performance-study/benchmark/gallery-of-processor-cache-effects/raw_data/l1-and-l2-cache-sizes/minstructor_0/out_178.txt
65536,0.287663,Release,/home/shuell/Projects/cpu-performance-study/benchmark/gallery-of-processor-cache-effects/raw_data/l1-and-l2-cache-sizes/minstructor_0/out_121.txt
8,0.039645,Release,/home/shuell/Projects/cpu-performance-study/benchmark/gallery-of-processor-cache-effects/raw_data/l1-and-l2-cache-sizes/minstructor_0/out_171.txt
1024,0.134069,Release,/home/shuell/Projects/cpu-performance-study/benchmark/gallery-of-processor-cache-effects/raw_data/l1-and-l2-cache-sizes/minstructor_0/out_115.txt
16,0.037475,Release,/home/shuell/Projects/cpu-performance-study/benchmark/gallery-of-processor-cache-effects/raw_data/l1-and-l2-cache-sizes/minstructor_0/out_109.txt
32768,0.271239,Release,/home/shuell/Projects/cpu-performance-study/benchmark/gallery-of-processor-cache-effects/raw_data/l1-and-l2-cache-sizes/minstructor_0/out_519.txt
16384,0.245987,Release,/home/shuell/Projects/cpu-performance-study/benchmark/gallery-of-processor-cache-effects/raw_data/l1-and-l2-cache-sizes/minstructor_0/out_245.txt
131072,0.29259,Release,/home/shuell/Projects/cpu-performance-study/benchmark/gallery-of-processor-cache-effects/raw_data/l1-and-l2-cache-sizes/minstructor_0/out_80.txt
1048576,0.295198,Release,/home/shuell/Projects/cpu-performance-study/benchmark/gallery-of-processor-cache-effects/raw_data/l1-and-l2-cache-sizes/minstructor_0/out_104.txt
8192,0.205914,Release,/home/shuell/Projects/cpu-performance-study/benchmark/gallery-of-processor-cache-effects/raw_data/l1-and-l2-cache-sizes/minstructor_0/out_118.txt
1024,0.131993,Release,/home/shuell/Projects/cpu-performance-study/benchmark/gallery-of-processor-cache-effects/raw_data/l1-and-l2-cache-sizes/minstructor_0/out_472.txt
1,0.04556,Release,/home/shuell/Projects/cpu-performance-study/benchmark/gallery-of-processor-cache-effects/raw_data/l1-and-l2-cache-sizes/minstructor_0/out_336.txt
32,0.0363187,Release,/home/shuell/Projects/cpu-performance-study/benchmark/gallery-of-processor-cache-effects/raw_data/l1-and-l2-cache-sizes/minstructor_0/out_194.txt
2,0.05664,Release,/home/shuell/Projects/cpu-performance-study/benchmark/gallery-of-processor-cache-effects/raw_data/l1-and-l2-cache-sizes/minstructor_0/out_211.txt
1024,0.131091,Release,/home/shuell/Projects/cpu-performance-study/benchmark/gallery-of-processor-cache-effects/raw_data/l1-and-l2-cache-sizes/minstructor_0/out_73.txt
4096,0.138125,Release,/home/shuell/Projects/cpu-performance-study/benchmark/gallery-of-processor-cache-effects/raw_data/l1-and-l2-cache-sizes/minstructor_0/out_180.txt
262144,0.292528,Release,/home/shuell/Projects/cpu-performance-study/benchmark/gallery-of-processor-cache-effects/raw_data/l1-and-l2-cache-sizes/minstructor_0/out_228.txt
4,0.03753,Release,/home/shuell/Projects/cpu-performance-study/benchmark/gallery-of-processor-cache-effects/raw_data/l1-and-l2-cache-sizes/minstructor_0/out_128.txt
2,0.05566,Release,/home/shuell/Projects/cpu-performance-study/benchmark/gallery-of-processor-cache-effects/raw_data/l1-and-l2-cache-sizes/minstructor_0/out_316.txt
256,0.0970222,Release,/home/shuell/Projects/cpu-performance-study/benchmark/gallery-of-processor-cache-effects/raw_data/l1-and-l2-cache-sizes/minstructor_0/out_155.txt
512,0.126657,Release,/home/shuell/Projects/cpu-performance-study/benchmark/gallery-of-processor-cache-effects/raw_data/l1-and-l2-cache-sizes/minstructor_0/out_513.txt
32,0.0382238,Release,/home/shuell/Projects/cpu-performance-study/benchmark/gallery-of-processor-cache-effects/raw_data/l1-and-l2-cache-sizes/minstructor_0/out_425.txt
1,0.04556,Release,/home/shuell/Projects/cpu-performance-study/benchmark/gallery-of-processor-cache-effects/raw_data/l1-and-l2-cache-sizes/minstructor_0/out_189.txt
262144,0.291223,Release,/home/shuell/Projects/cpu-performance-study/benchmark/gallery-of-processor-cache-effects/raw_data/l1-and-l2-cache-sizes/minstructor_0/out_480.txt
8,0.039535,Release,/home/shuell/Projects/cpu-performance-study/benchmark/gallery-of-processor-cache-effects/raw_data/l1-and-l2-cache-sizes/minstructor_0/out_108.txt
1048576,0.296205,Release,/home/shuell/Projects/cpu-performance-study/benchmark/gallery-of-processor-cache-effects/raw_data/l1-and-l2-cache-sizes/minstructor_0/out_125.txt
32768,0.271481,Release,/home/shuell/Projects/cpu-performance-study/benchmark/gallery-of-processor-cache-effects/raw_data/l1-and-l2-cache-sizes/minstructor_0/out_288.txt
262144,0.291916,Release,/home/shuell/Projects/cpu-performance-study/benchmark/gallery-of-processor-cache-effects/raw_data/l1-and-l2-cache-sizes/minstructor_0/out_354.txt
131072,0.289843,Release,/home/shuell/Projects/cpu-performance-study/benchmark/gallery-of-processor-cache-effects/raw_data/l1-and-l2-cache-sizes/minstructor_0/out_248.txt
1024,0.131861,Release,/home/shuell/Projects/cpu-performance-study/benchmark/gallery-of-processor-cache-effects/raw_data/l1-and-l2-cache-sizes/minstructor_0/out_409.txt
4,0.03745,Release,/home/shuell/Projects/cpu-performance-study/benchmark/gallery-of-processor-cache-effects/raw_data/l1-and-l2-cache-sizes/minstructor_0/out_2.txt
524288,0.295535,Release,/home/shuell/Projects/cpu-performance-study/benchmark/gallery-of-processor-cache-effects/raw_data/l1-and-l2-cache-sizes/minstructor_0/out_103.txt
2,0.0565,Release,/home/shuell/Projects/cpu-performance-study/benchmark/gallery-of-processor-cache-effects/raw_data/l1-and-l2-cache-sizes/minstructor_0/out_190.txt
65536,0.287046,Release,/home/shuell/Projects/cpu-performance-study/benchmark/gallery-of-processor-cache-effects/raw_data/l1-and-l2-cache-sizes/minstructor_0/out_184.txt
4,0.03774,Release,/home/shuell/Projects/cpu-performance-study/benchmark/gallery-of-processor-cache-effects/raw_data/l1-and-l2-cache-sizes/minstructor_0/out_317.txt
128,0.0809284,Release,/home/shuell/Projects/cpu-performance-study/benchmark/gallery-of-processor-cache-effects/raw_data/l1-and-l2-cache-sizes/minstructor_0/out_154.txt
8,0.03966,Release,/home/shuell/Projects/cpu-performance-study/benchmark/gallery-of-processor-cache-effects/raw_data/l1-and-l2-cache-sizes/minstructor_0/out_318.txt
32,0.0362575,Release,/home/shuell/Projects/cpu-performance-study/benchmark/gallery-of-processor-cache-effects/raw_data/l1-and-l2-cache-sizes/minstructor_0/out_131.txt
8192,0.194358,Release,/home/shuell/Projects/cpu-performance-study/benchmark/gallery-of-processor-cache-effects/raw_data/l1-and-l2-cache-sizes/minstructor_0/out_454.txt
1048576,0.297475,Release,/home/shuell/Projects/cpu-performance-study/benchmark/gallery-of-processor-cache-effects/raw_data/l1-and-l2-cache-sizes/minstructor_0/out_503.txt
2048,0.131737,Release,/home/shuell/Projects/cpu-performance-study/benchmark/gallery-of-processor-cache-effects/raw_data/l1-and-l2-cache-sizes/minstructor_0/out_431.txt
1,0.04436,Release,/home/shuell/Projects/cpu-performance-study/benchmark/gallery-of-processor-cache-effects/raw_data/l1-and-l2-cache-sizes/minstructor_0/out_0.txt
32768,0.270864,Release,/home/shuell/Projects/cpu-performance-study/benchmark/gallery-of-processor-cache-effects/raw_data/l1-and-l2-cache-sizes/minstructor_0/out_57.txt
262144,0.292503,Release,/home/shuell/Projects/cpu-performance-study/benchmark/gallery-of-processor-cache-effects/raw_data/l1-and-l2-cache-sizes/minstructor_0/out_417.txt
2,0.0554,Release,/home/shuell/Projects/cpu-performance-study/benchmark/gallery-of-processor-cache-effects/raw_data/l1-and-l2-cache-sizes/minstructor_0/out_442.txt
65536,0.286417,Release,/home/shuell/Projects/cpu-performance-study/benchmark/gallery-of-processor-cache-effects/raw_data/l1-and-l2-cache-sizes/minstructor_0/out_247.txt
524288,0.295468,Release,/home/shuell/Projects/cpu-performance-study/benchmark/gallery-of-processor-cache-effects/raw_data/l1-and-l2-cache-sizes/minstructor_0/out_460.txt
16384,0.25174,Release,/home/shuell/Projects/cpu-performance-study/benchmark/gallery-of-processor-cache-effects/raw_data/l1-and-l2-cache-sizes/minstructor_0/out_413.txt
8192,0.212284,Release,/home/shuell/Projects/cpu-performance-study/benchmark/gallery-of-processor-cache-effects/raw_data/l1-and-l2-cache-sizes/minstructor_0/out_307.txt
4096,0.139422,Release,/home/shuell/Projects/cpu-performance-study/benchmark/gallery-of-processor-cache-effects/raw_data/l1-and-l2-cache-sizes/minstructor_0/out_453.txt
16,0.03745,Release,/home/shuell/Projects/cpu-performance-study/benchmark/gallery-of-processor-cache-effects/raw_data/l1-and-l2-cache-sizes/minstructor_0/out_466.txt
262144,0.294553,Release,/home/shuell/Projects/cpu-performance-study/benchmark/gallery-of-processor-cache-effects/raw_data/l1-and-l2-cache-sizes/minstructor_0/out_333.txt
8192,0.205218,Release,/home/shuell/Projects/cpu-performance-study/benchmark/gallery-of-processor-cache-effects/raw_data/l1-and-l2-cache-sizes/minstructor_0/out_97.txt
32,0.04217,Release,/home/shuell/Projects/cpu-performance-study/benchmark/gallery-of-processor-cache-effects/raw_data/l1-and-l2-cache-sizes/minstructor_0/out_5.txt
262144,0.293143,Release,/home/shuell/Projects/cpu-performance-study/benchmark/gallery-of-processor-cache-effects/raw_data/l1-and-l2-cache-sizes/minstructor_0/out_165.txt
2,0.05702,Release,/home/shuell/Projects/cpu-performance-study/benchmark/gallery-of-processor-cache-effects/raw_data/l1-and-l2-cache-sizes/minstructor_0/out_484.txt
16,0.0374575,Release,/home/shuell/Projects/cpu-performance-study/benchmark/gallery-of-processor-cache-effects/raw_data/l1-and-l2-cache-sizes/minstructor_0/out_403.txt
256,0.0980164,Release,/home/shuell/Projects/cpu-performance-study/benchmark/gallery-of-processor-cache-effects/raw_data/l1-and-l2-cache-sizes/minstructor_0/out_323.txt
32,0.0361988,Release,/home/shuell/Projects/cpu-performance-study/benchmark/gallery-of-processor-cache-effects/raw_data/l1-and-l2-cache-sizes/minstructor_0/out_362.txt
512,0.126554,Release,/home/shuell/Projects/cpu-performance-study/benchmark/gallery-of-processor-cache-effects/raw_data/l1-and-l2-cache-sizes/minstructor_0/out_387.txt
8192,0.202023,Release,/home/shuell/Projects/cpu-performance-study/benchmark/gallery-of-processor-cache-effects/raw_data/l1-and-l2-cache-sizes/minstructor_0/out_76.txt
2,0.05654,Release,/home/shuell/Projects/cpu-performance-study/benchmark/gallery-of-processor-cache-effects/raw_data/l1-and-l2-cache-sizes/minstructor_0/out_379.txt
4096,0.137688,Release,/home/shuell/Projects/cpu-performance-study/benchmark/gallery-of-processor-cache-effects/raw_data/l1-and-l2-cache-sizes/minstructor_0/out_222.txt
128,0.0871781,Release,/home/shuell/Projects/cpu-performance-study/benchmark/gallery-of-processor-cache-effects/raw_data/l1-and-l2-cache-sizes/minstructor_0/out_259.txt
262144,0.291591,Release,/home/shuell/Projects/cpu-performance-study/benchmark/gallery-of-processor-cache-effects/raw_data/l1-and-l2-cache-sizes/minstructor_0/out_291.txt
128,0.0828587,Release,/home/shuell/Projects/cpu-performance-study/benchmark/gallery-of-processor-cache-effects/raw_data/l1-and-l2-cache-sizes/minstructor_0/out_133.txt
512,0.131368,Release,/home/shuell/Projects/cpu-performance-study/benchmark/gallery-of-processor-cache-effects/raw_data/l1-and-l2-cache-sizes/minstructor_0/out_324.txt
1024,0.131829,Release,/home/shuell/Projects/cpu-performance-study/benchmark/gallery-of-processor-cache-effects/raw_data/l1-and-l2-cache-sizes/minstructor_0/out_514.txt
1024,0.131931,Release,/home/shuell/Projects/cpu-performance-study/benchmark/gallery-of-processor-cache-effects/raw_data/l1-and-l2-cache-sizes/minstructor_0/out_283.txt
65536,0.28695,Release,/home/shuell/Projects/cpu-performance-study/benchmark/gallery-of-processor-cache-effects/raw_data/l1-and-l2-cache-sizes/minstructor_0/out_478.txt
1048576,0.296594,Release,/home/shuell/Projects/cpu-performance-study/benchmark/gallery-of-processor-cache-effects/raw_data/l1-and-l2-cache-sizes/minstructor_0/out_377.txt
1,0.04668,Release,/home/shuell/Projects/cpu-performance-study/benchmark/gallery-of-processor-cache-effects/raw_data/l1-and-l2-cache-sizes/minstructor_0/out_441.txt
131072,0.291134,Release,/home/shuell/Projects/cpu-performance-study/benchmark/gallery-of-processor-cache-effects/raw_data/l1-and-l2-cache-sizes/minstructor_0/out_143.txt
16,0.0374925,Release,/home/shuell/Projects/cpu-performance-study/benchmark/gallery-of-processor-cache-effects/raw_data/l1-and-l2-cache-sizes/minstructor_0/out_4.txt
524288,0.295883,Release,/home/shuell/Projects/cpu-performance-study/benchmark/gallery-of-processor-cache-effects/raw_data/l1-and-l2-cache-sizes/minstructor_0/out_376.txt
1024,0.131666,Release,/home/shuell/Projects/cpu-performance-study/benchmark/gallery-of-processor-cache-effects/raw_data/l1-and-l2-cache-sizes/minstructor_0/out_388.txt
64,0.0795456,Release,/home/shuell/Projects/cpu-performance-study/benchmark/gallery-of-processor-cache-effects/raw_data/l1-and-l2-cache-sizes/minstructor_0/out_300.txt
256,0.0981206,Release,/home/shuell/Projects/cpu-performance-study/benchmark/gallery-of-processor-cache-effects/raw_data/l1-and-l2-cache-sizes/minstructor_0/out_428.txt
32768,0.272348,Release,/home/shuell/Projects/cpu-performance-study/benchmark/gallery-of-processor-cache-effects/raw_data/l1-and-l2-cache-sizes/minstructor_0/out_456.txt
128,0.0820412,Release,/home/shuell/Projects/cpu-performance-study/benchmark/gallery-of-processor-cache-effects/raw_data/l1-and-l2-cache-sizes/minstructor_0/out_70.txt
1048576,0.295456,Release,/home/shuell/Projects/cpu-performance-study/benchmark/gallery-of-processor-cache-effects/raw_data/l1-and-l2-cache-sizes/minstructor_0/out_62.txt
1048576,0.295362,Release,/home/shuell/Projects/cpu-performance-study/benchmark/gallery-of-processor-cache-effects/raw_data/l1-and-l2-cache-sizes/minstructor_0/out_209.txt
64,0.0796906,Release,/home/shuell/Projects/cpu-performance-study/benchmark/gallery-of-processor-cache-effects/raw_data/l1-and-l2-cache-sizes/minstructor_0/out_321.txt
4,0.03776,Release,/home/shuell/Projects/cpu-performance-study/benchmark/gallery-of-processor-cache-effects/raw_data/l1-and-l2-cache-sizes/minstructor_0/out_233.txt
64,0.0801731,Release,/home/shuell/Projects/cpu-performance-study/benchmark/gallery-of-processor-cache-effects/raw_data/l1-and-l2-cache-sizes/minstructor_0/out_405.txt
16,0.037495,Release,/home/shuell/Projects/cpu-performance-study/benchmark/gallery-of-processor-cache-effects/raw_data/l1-and-l2-cache-sizes/minstructor_0/out_46.txt
2048,0.132191,Release,/home/shuell/Projects/cpu-performance-study/benchmark/gallery-of-processor-cache-effects/raw_data/l1-and-l2-cache-sizes/minstructor_0/out_452.txt
1024,0.131484,Release,/home/shuell/Projects/cpu-performance-study/benchmark/gallery-of-processor-cache-effects/raw_data/l1-and-l2-cache-sizes/minstructor_0/out_241.txt
32768,0.269175,Release,/home/shuell/Projects/cpu-performance-study/benchmark/gallery-of-processor-cache-effects/raw_data/l1-and-l2-cache-sizes/minstructor_0/out_120.txt
8,0.039525,Release,/home/shuell/Projects/cpu-performance-study/benchmark/gallery-of-processor-cache-effects/raw_data/l1-and-l2-cache-sizes/minstructor_0/out_465.txt
16384,0.238807,Release,/home/shuell/Projects/cpu-performance-study/benchmark/gallery-of-processor-cache-effects/raw_data/l1-and-l2-cache-sizes/minstructor_0/out_266.txt
4,0.03736,Release,/home/shuell/Projects/cpu-performance-study/benchmark/gallery-of-processor-cache-effects/raw_data/l1-and-l2-cache-sizes/minstructor_0/out_464.txt
2,0.057,Release,/home/shuell/Projects/cpu-performance-study/benchmark/gallery-of-processor-cache-effects/raw_data/l1-and-l2-cache-sizes/minstructor_0/out_127.txt
1048576,0.295319,Release,/home/shuell/Projects/cpu-performance-study/benchmark/gallery-of-processor-cache-effects/raw_data/l1-and-l2-cache-sizes/minstructor_0/out_398.txt
4,0.03753,Release,/home/shuell/Projects/cpu-performance-study/benchmark/gallery-of-processor-cache-effects/raw_data/l1-and-l2-cache-sizes/minstructor_0/out_275.txt
8192,0.208602,Release,/home/shuell/Projects/cpu-performance-study/benchmark/gallery-of-processor-cache-effects/raw_data/l1-and-l2-cache-sizes/minstructor_0/out_496.txt
64,0.0795356,Release,/home/shuell/Projects/cpu-performance-study/benchmark/gallery-of-processor-cache-effects/raw_data/l1-and-l2-cache-sizes/minstructor_0/out_510.txt
4096,0.137772,Release,/home/shuell/Projects/cpu-performance-study/benchmark/gallery-of-processor-cache-effects/raw_data/l1-and-l2-cache-sizes/minstructor_0/out_159.txt
8,0.0396,Release,/home/shuell/Projects/cpu-performance-study/benchmark/gallery-of-processor-cache-effects/raw_data/l1-and-l2-cache-sizes/minstructor_0/out_423.txt
262144,0.293936,Release,/home/shuell/Projects/cpu-performance-study/benchmark/gallery-of-processor-cache-effects/raw_data/l1-and-l2-cache-sizes/minstructor_0/out_60.txt
1,0.0464,Release,/home/shuell/Projects/cpu-performance-study/benchmark/gallery-of-processor-cache-effects/raw_data/l1-and-l2-cache-sizes/minstructor_0/out_126.txt
64,0.0809337,Release,/home/shuell/Projects/cpu-performance-study/benchmark/gallery-of-processor-cache-effects/raw_data/l1-and-l2-cache-sizes/minstructor_0/out_342.txt
2048,0.132035,Release,/home/shuell/Projects/cpu-performance-study/benchmark/gallery-of-processor-cache-effects/raw_data/l1-and-l2-cache-sizes/minstructor_0/out_32.txt
2,0.05746,Release,/home/shuell/Projects/cpu-performance-study/benchmark/gallery-of-processor-cache-effects/raw_data/l1-and-l2-cache-sizes/minstructor_0/out_505.txt
512,0.130689,Release,/home/shuell/Projects/cpu-performance-study/benchmark/gallery-of-processor-cache-effects/raw_data/l1-and-l2-cache-sizes/minstructor_0/out_240.txt
4096,0.136888,Release,/home/shuell/Projects/cpu-performance-study/benchmark/gallery-of-processor-cache-effects/raw_data/l1-and-l2-cache-sizes/minstructor_0/out_348.txt
1048576,0.295597,Release,/home/shuell/Projects/cpu-performance-study/benchmark/gallery-of-processor-cache-effects/raw_data/l1-and-l2-cache-sizes/minstructor_0/out_293.txt
32768,0.280174,Release,/home/shuell/Projects/cpu-performance-study/benchmark/gallery-of-processor-cache-effects/raw_data/l1-and-l2-cache-sizes/minstructor_0/out_36.txt
128,0.0827828,Release,/home/shuell/Projects/cpu-performance-study/benchmark/gallery-of-processor-cache-effects/raw_data/l1-and-l2-cache-sizes/minstructor_0/out_91.txt
1,0.0458,Release,/home/shuell/Projects/cpu-performance-study/benchmark/gallery-of-processor-cache-effects/raw_data/l1-and-l2-cache-sizes/minstructor_0/out_84.txt
64,0.0813725,Release,/home/shuell/Projects/cpu-performance-study/benchmark/gallery-of-processor-cache-effects/raw_data/l1-and-l2-cache-sizes/minstructor_0/out_6.txt
65536,0.286283,Release,/home/shuell/Projects/cpu-performance-study/benchmark/gallery-of-processor-cache-effects/raw_data/l1-and-l2-cache-sizes/minstructor_0/out_457.txt
4,0.03752,Release,/home/shuell/Projects/cpu-performance-study/benchmark/gallery-of-processor-cache-effects/raw_data/l1-and-l2-cache-sizes/minstructor_0/out_170.txt
8,0.03954,Release,/home/shuell/Projects/cpu-performance-study/benchmark/gallery-of-processor-cache-effects/raw_data/l1-and-l2-cache-sizes/minstructor_0/out_486.txt
8192,0.20735,Release,/home/shuell/Projects/cpu-performance-study/benchmark/gallery-of-processor-cache-effects/raw_data/l1-and-l2-cache-sizes/minstructor_0/out_13.txt
16,0.03752,Release,/home/shuell/Projects/cpu-performance-study/benchmark/gallery-of-processor-cache-effects/raw_data/l1-and-l2-cache-sizes/minstructor_0/out_151.txt
16384,0.242699,Release,/home/shuell/Projects/cpu-performance-study/benchmark/gallery-of-processor-cache-effects/raw_data/l1-and-l2-cache-sizes/minstructor_0/out_497.txt
4096,0.136051,Release,/home/shuell/Projects/cpu-performance-study/benchmark/gallery-of-processor-cache-effects/raw_data/l1-and-l2-cache-sizes/minstructor_0/out_432.txt
1024,0.131111,Release,/home/shuell/Projects/cpu-performance-study/benchmark/gallery-of-processor-cache-effects/raw_data/l1-and-l2-cache-sizes/minstructor_0/out_493.txt
4,0.03745,Release,/home/shuell/Projects/cpu-performance-study/benchmark/gallery-of-processor-cache-effects/raw_data/l1-and-l2-cache-sizes/minstructor_0/out_485.txt
512,0.128079,Release,/home/shuell/Projects/cpu-performance-study/benchmark/gallery-of-processor-cache-effects/raw_data/l1-and-l2-cache-sizes/minstructor_0/out_51.txt
256,0.0939364,Release,/home/shuell/Projects/cpu-performance-study/benchmark/gallery-of-processor-cache-effects/raw_data/l1-and-l2-cache-sizes/minstructor_0/out_8.txt
128,0.0995228,Release,/home/shuell/Projects/cpu-performance-study/benchmark/gallery-of-processor-cache-effects/raw_data/l1-and-l2-cache-sizes/minstructor_0/out_28.txt
16384,0.25749,Release,/home/shuell/Projects/cpu-performance-study/benchmark/gallery-of-processor-cache-effects/raw_data/l1-and-l2-cache-sizes/minstructor_0/out_35.txt
32768,0.26748,Release,/home/shuell/Projects/cpu-performance-study/benchmark/gallery-of-processor-cache-effects/raw_data/l1-and-l2-cache-sizes/minstructor_0/out_225.txt
32768,0.273305,Release,/home/shuell/Projects/cpu-performance-study/benchmark/gallery-of-processor-cache-effects/raw_data/l1-and-l2-cache-sizes/minstructor_0/out_372.txt
65536,0.29661,Release,/home/shuell/Projects/cpu-performance-study/benchmark/gallery-of-processor-cache-effects/raw_data/l1-and-l2-cache-sizes/minstructor_0/out_37.txt
4096,0.138363,Release,/home/shuell/Projects/cpu-performance-study/benchmark/gallery-of-processor-cache-effects/raw_data/l1-and-l2-cache-sizes/minstructor_0/out_306.txt
16384,0.242626,Release,/home/shuell/Projects/cpu-performance-study/benchmark/gallery-of-processor-cache-effects/raw_data/l1-and-l2-cache-sizes/minstructor_0/out_476.txt
131072,0.296162,Release,/home/shuell/Projects/cpu-performance-study/benchmark/gallery-of-processor-cache-effects/raw_data/l1-and-l2-cache-sizes/minstructor_0/out_17.txt
16,0.03742,Release,/home/shuell/Projects/cpu-performance-study/benchmark/gallery-of-processor-cache-effects/raw_data/l1-and-l2-cache-sizes/minstructor_0/out_298.txt
1024,0.132443,Release,/home/shuell/Projects/cpu-performance-study/benchmark/gallery-of-processor-cache-effects/raw_data/l1-and-l2-cache-sizes/minstructor_0/out_10.txt
256,0.0880688,Release,/home/shuell/Projects/cpu-performance-study/benchmark/gallery-of-processor-cache-effects/raw_data/l1-and-l2-cache-sizes/minstructor_0/out_239.txt
16384,0.2418,Release,/home/shuell/Projects/cpu-performance-study/benchmark/gallery-of-processor-cache-effects/raw_data/l1-and-l2-cache-sizes/minstructor_0/out_371.txt
64,0.0800175,Release,/home/shuell/Projects/cpu-performance-study/benchmark/gallery-of-processor-cache-effects/raw_data/l1-and-l2-cache-sizes/minstructor_0/out_48.txt
32768,0.271534,Release,/home/shuell/Projects/cpu-performance-study/benchmark/gallery-of-processor-cache-effects/raw_data/l1-and-l2-cache-sizes/minstructor_0/out_162.txt
256,0.10285,Release,/home/shuell/Projects/cpu-performance-study/benchmark/gallery-of-processor-cache-effects/raw_data/l1-and-l2-cache-sizes/minstructor_0/out_302.txt
512,0.13132,Release,/home/shuell/Projects/cpu-performance-study/benchmark/gallery-of-processor-cache-effects/raw_data/l1-and-l2-cache-sizes/minstructor_0/out_429.txt
256,0.0994028,Release,/home/shuell/Projects/cpu-performance-study/benchmark/gallery-of-processor-cache-effects/raw_data/l1-and-l2-cache-sizes/minstructor_0/out_71.txt
1,0.04704,Release,/home/shuell/Projects/cpu-performance-study/benchmark/gallery-of-processor-cache-effects/raw_data/l1-and-l2-cache-sizes/minstructor_0/out_105.txt
2048,0.13218,Release,/home/shuell/Projects/cpu-performance-study/benchmark/gallery-of-processor-cache-effects/raw_data/l1-and-l2-cache-sizes/minstructor_0/out_200.txt
262144,0.293785,Release,/home/shuell/Projects/cpu-performance-study/benchmark/gallery-of-processor-cache-effects/raw_data/l1-and-l2-cache-sizes/minstructor_0/out_144.txt
4096,0.138163,Release,/home/shuell/Projects/cpu-performance-study/benchmark/gallery-of-processor-cache-effects/raw_data/l1-and-l2-cache-sizes/minstructor_0/out_411.txt
32768,0.272718,Release,/home/shuell/Projects/cpu-performance-study/benchmark/gallery-of-processor-cache-effects/raw_data/l1-and-l2-cache-sizes/minstructor_0/out_246.txt
1048576,0.29538,Release,/home/shuell/Projects/cpu-performance-study/benchmark/gallery-of-processor-cache-effects/raw_data/l1-and-l2-cache-sizes/minstructor_0/out_272.txt
256,0.0990764,Release,/home/shuell/Projects/cpu-performance-study/benchmark/gallery-of-processor-cache-effects/raw_data/l1-and-l2-cache-sizes/minstructor_0/out_50.txt
262144,0.29396,Release,/home/shuell/Projects/cpu-performance-study/benchmark/gallery-of-processor-cache-effects/raw_data/l1-and-l2-cache-sizes/minstructor_0/out_207.txt
32768,0.27241,Release,/home/shuell/Projects/cpu-performance-study/benchmark/gallery-of-processor-cache-effects/raw_data/l1-and-l2-cache-sizes/minstructor_0/out_267.txt
64,0.0809462,Release,/home/shuell/Projects/cpu-performance-study/benchmark/gallery-of-processor-cache-effects/raw_data/l1-and-l2-cache-sizes/minstructor_0/out_447.txt
65536,0.285653,Release,/home/shuell/Projects/cpu-performance-study/benchmark/gallery-of-processor-cache-effects/raw_data/l1-and-l2-cache-sizes/minstructor_0/out_58.txt
262144,0.296686,Release,/home/shuell/Projects/cpu-performance-study/benchmark/gallery-of-processor-cache-effects/raw_data/l1-and-l2-cache-sizes/minstructor_0/out_18.txt
524288,0.30013,Release,/home/shuell/Projects/cpu-performance-study/benchmark/gallery-of-processor-cache-effects/raw_data/l1-and-l2-cache-sizes/minstructor_0/out_166.txt
8,0.039695,Release,/home/shuell/Projects/cpu-performance-study/benchmark/gallery-of-processor-cache-effects/raw_data/l1-and-l2-cache-sizes/minstructor_0/out_213.txt
2048,0.131416,Release,/home/shuell/Projects/cpu-performance-study/benchmark/gallery-of-processor-cache-effects/raw_data/l1-and-l2-cache-sizes/minstructor_0/out_158.txt
256,0.0944472,Release,/home/shuell/Projects/cpu-performance-study/benchmark/gallery-of-processor-cache-effects/raw_data/l1-and-l2-cache-sizes/minstructor_0/out_260.txt
65536,0.286351,Release,/home/shuell/Projects/cpu-performance-study/benchmark/gallery-of-processor-cache-effects/raw_data/l1-and-l2-cache-sizes/minstructor_0/out_415.txt
4096,0.137414,Release,/home/shuell/Projects/cpu-performance-study/benchmark/gallery-of-processor-cache-effects/raw_data/l1-and-l2-cache-sizes/minstructor_0/out_12.txt
128,0.0858866,Release,/home/shuell/Projects/cpu-performance-study/benchmark/gallery-of-processor-cache-effects/raw_data/l1-and-l2-cache-sizes/minstructor_0/out_196.txt
524288,0.2948,Release,/home/shuell/Projects/cpu-performance-study/benchmark/gallery-of-processor-cache-effects/raw_data/l1-and-l2-cache-sizes/minstructor_0/out_82.txt
131072,0.28905,Release,/home/shuell/Projects/cpu-performance-study/benchmark/gallery-of-processor-cache-effects/raw_data/l1-and-l2-cache-sizes/minstructor_0/out_206.txt
32768,0.270812,Release,/home/shuell/Projects/cpu-performance-study/benchmark/gallery-of-processor-cache-effects/raw_data/l1-and-l2-cache-sizes/minstructor_0/out_309.txt
8,0.039515,Release,/home/shuell/Projects/cpu-performance-study/benchmark/gallery-of-processor-cache-effects/raw_data/l1-and-l2-cache-sizes/minstructor_0/out_45.txt
4,0.03772,Release,/home/shuell/Projects/cpu-performance-study/benchmark/gallery-of-processor-cache-effects/raw_data/l1-and-l2-cache-sizes/minstructor_0/out_254.txt
4,0.0376,Release,/home/shuell/Projects/cpu-performance-study/benchmark/gallery-of-processor-cache-effects/raw_data/l1-and-l2-cache-sizes/minstructor_0/out_86.txt
1024,0.13164,Release,/home/shuell/Projects/cpu-performance-study/benchmark/gallery-of-processor-cache-effects/raw_data/l1-and-l2-cache-sizes/minstructor_0/out_451.txt
64,0.0781656,Release,/home/shuell/Projects/cpu-performance-study/benchmark/gallery-of-processor-cache-effects/raw_data/l1-and-l2-cache-sizes/minstructor_0/out_216.txt
32,0.0362025,Release,/home/shuell/Projects/cpu-performance-study/benchmark/gallery-of-processor-cache-effects/raw_data/l1-and-l2-cache-sizes/minstructor_0/out_299.txt
512,0.127177,Release,/home/shuell/Projects/cpu-performance-study/benchmark/gallery-of-processor-cache-effects/raw_data/l1-and-l2-cache-sizes/minstructor_0/out_492.txt
64,0.080945,Release,/home/shuell/Projects/cpu-performance-study/benchmark/gallery-of-processor-cache-effects/raw_data/l1-and-l2-cache-sizes/minstructor_0/out_363.txt
65536,0.286804,Release,/home/shuell/Projects/cpu-performance-study/benchmark/gallery-of-processor-cache-effects/raw_data/l1-and-l2-cache-sizes/minstructor_0/out_289.txt
16384,0.246128,Release,/home/shuell/Projects/cpu-performance-study/benchmark/gallery-of-processor-cache-effects/raw_data/l1-and-l2-cache-sizes/minstructor_0/out_518.txt
65536,0.294333,Release,/home/shuell/Projects/cpu-performance-study/benchmark/gallery-of-processor-cache-effects/raw_data/l1-and-l2-cache-sizes/minstructor_0/out_16.txt
1024,0.13131,Release,/home/shuell/Projects/cpu-performance-study/benchmark/gallery-of-processor-cache-effects/raw_data/l1-and-l2-cache-sizes/minstructor_0/out_220.txt
32768,0.270958,Release,/home/shuell/Projects/cpu-performance-study/benchmark/gallery-of-processor-cache-effects/raw_data/l1-and-l2-cache-sizes/minstructor_0/out_435.txt
1024,0.131991,Release,/home/shuell/Projects/cpu-performance-study/benchmark/gallery-of-processor-cache-effects/raw_data/l1-and-l2-cache-sizes/minstructor_0/out_52.txt
32,0.0415587,Release,/home/shuell/Projects/cpu-performance-study/benchmark/gallery-of-processor-cache-effects/raw_data/l1-and-l2-cache-sizes/minstructor_0/out_383.txt
1,0.0458,Release,/home/shuell/Projects/cpu-performance-study/benchmark/gallery-of-processor-cache-effects/raw_data/l1-and-l2-cache-sizes/minstructor_0/out_42.txt
32,0.0362463,Release,/home/shuell/Projects/cpu-performance-study/benchmark/gallery-of-processor-cache-effects/raw_data/l1-and-l2-cache-sizes/minstructor_0/out_152.txt
2048,0.136505,Release,/home/shuell/Projects/cpu-performance-study/benchmark/gallery-of-processor-cache-effects/raw_data/l1-and-l2-cache-sizes/minstructor_0/out_11.txt
4096,0.136463,Release,/home/shuell/Projects/cpu-performance-study/benchmark/gallery-of-processor-cache-effects/raw_data/l1-and-l2-cache-sizes/minstructor_0/out_138.txt
16384,0.250201,Release,/home/shuell/Projects/cpu-performance-study/benchmark/gallery-of-processor-cache-effects/raw_data/l1-and-l2-cache-sizes/minstructor_0/out_182.txt
128,0.0817912,Release,/home/shuell/Projects/cpu-performance-study/benchmark/gallery-of-processor-cache-effects/raw_data/l1-and-l2-cache-sizes/minstructor_0/out_511.txt
16,0.0374125,Release,/home/shuell/Projects/cpu-performance-study/benchmark/gallery-of-processor-cache-effects/raw_data/l1-and-l2-cache-sizes/minstructor_0/out_277.txt
8192,0.20706,Release,/home/shuell/Projects/cpu-performance-study/benchmark/gallery-of-processor-cache-effects/raw_data/l1-and-l2-cache-sizes/minstructor_0/out_34.txt
4096,0.136437,Release,/home/shuell/Projects/cpu-performance-study/benchmark/gallery-of-processor-cache-effects/raw_data/l1-and-l2-cache-sizes/minstructor_0/out_201.txt
4,0.03762,Release,/home/shuell/Projects/cpu-performance-study/benchmark/gallery-of-processor-cache-effects/raw_data/l1-and-l2-cache-sizes/minstructor_0/out_23.txt
128,0.0922463,Release,/home/shuell/Projects/cpu-performance-study/benchmark/gallery-of-processor-cache-effects/raw_data/l1-and-l2-cache-sizes/minstructor_0/out_238.txt
128,0.0809325,Release,/home/shuell/Projects/cpu-performance-study/benchmark/gallery-of-processor-cache-effects/raw_data/l1-and-l2-cache-sizes/minstructor_0/out_7.txt
4096,0.142338,Release,/home/shuell/Projects/cpu-performance-study/benchmark/gallery-of-processor-cache-effects/raw_data/l1-and-l2-cache-sizes/minstructor_0/out_327.txt
524288,0.295082,Release,/home/shuell/Projects/cpu-performance-study/benchmark/gallery-of-processor-cache-effects/raw_data/l1-and-l2-cache-sizes/minstructor_0/out_187.txt
65536,0.283519,Release,/home/shuell/Projects/cpu-performance-study/benchmark/gallery-of-processor-cache-effects/raw_data/l1-and-l2-cache-sizes/minstructor_0/out_499.txt
128,0.0816678,Release,/home/shuell/Projects/cpu-performance-study/benchmark/gallery-of-processor-cache-effects/raw_data/l1-and-l2-cache-sizes/minstructor_0/out_490.txt
8192,0.193941,Release,/home/shuell/Projects/cpu-performance-study/benchmark/gallery-of-processor-cache-effects/raw_data/l1-and-l2-cache-sizes/minstructor_0/out_433.txt
1048576,0.296506,Release,/home/shuell/Projects/cpu-performance-study/benchmark/gallery-of-processor-cache-effects/raw_data/l1-and-l2-cache-sizes/minstructor_0/out_356.txt
65536,0.2859,Release,/home/shuell/Projects/cpu-performance-study/benchmark/gallery-of-processor-cache-effects/raw_data/l1-and-l2-cache-sizes/minstructor_0/out_331.txt
256,0.0985687,Release,/home/shuell/Projects/cpu-performance-study/benchmark/gallery-of-processor-cache-effects/raw_data/l1-and-l2-cache-sizes/minstructor_0/out_470.txt
32,0.0362287,Release,/home/shuell/Projects/cpu-performance-study/benchmark/gallery-of-processor-cache-effects/raw_data/l1-and-l2-cache-sizes/minstructor_0/out_467.txt
16384,0.239303,Release,/home/shuell/Projects/cpu-performance-study/benchmark/gallery-of-processor-cache-effects/raw_data/l1-and-l2-cache-sizes/minstructor_0/out_203.txt
524288,0.295989,Release,/home/shuell/Projects/cpu-performance-study/benchmark/gallery-of-processor-cache-effects/raw_data/l1-and-l2-cache-sizes/minstructor_0/out_208.txt
8,0.039455,Release,/home/shuell/Projects/cpu-performance-study/benchmark/gallery-of-processor-cache-effects/raw_data/l1-and-l2-cache-sizes/minstructor_0/out_276.txt
131072,0.288738,Release,/home/shuell/Projects/cpu-performance-study/benchmark/gallery-of-processor-cache-effects/raw_data/l1-and-l2-cache-sizes/minstructor_0/out_500.txt
16,0.0375025,Release,/home/shuell/Projects/cpu-performance-study/benchmark/gallery-of-processor-cache-effects/raw_data/l1-and-l2-cache-sizes/minstructor_0/out_172.txt
32,0.04256,Release,/home/shuell/Projects/cpu-performance-study/benchmark/gallery-of-processor-cache-effects/raw_data/l1-and-l2-cache-sizes/minstructor_0/out_488.txt
1,0.04652,Release,/home/shuell/Projects/cpu-performance-study/benchmark/gallery-of-processor-cache-effects/raw_data/l1-and-l2-cache-sizes/minstructor_0/out_210.txt
128,0.0842762,Release,/home/shuell/Projects/cpu-performance-study/benchmark/gallery-of-processor-cache-effects/raw_data/l1-and-l2-cache-sizes/minstructor_0/out_280.txt
512,0.127894,Release,/home/shuell/Projects/cpu-performance-study/benchmark/gallery-of-processor-cache-effects/raw_data/l1-and-l2-cache-sizes/minstructor_0/out_261.txt
32,0.04207,Release,/home/shuell/Projects/cpu-performance-study/benchmark/gallery-of-processor-cache-effects/raw_data/l1-and-l2-cache-sizes/minstructor_0/out_173.txt
4,0.0375,Release,/home/shuell/Projects/cpu-performance-study/benchmark/gallery-of-processor-cache-effects/raw_data/l1-and-l2-cache-sizes/minstructor_0/out_338.txt
512,0.127055,Release,/home/shuell/Projects/cpu-performance-study/benchmark/gallery-of-processor-cache-effects/raw_data/l1-and-l2-cache-sizes/minstructor_0/out_114.txt
16,0.0373775,Release,/home/shuell/Projects/cpu-performance-study/benchmark/gallery-of-processor-cache-effects/raw_data/l1-and-l2-cache-sizes/minstructor_0/out_25.txt
2,0.05728,Release,/home/shuell/Projects/cpu-performance-study/benchmark/gallery-of-processor-cache-effects/raw_data/l1-and-l2-cache-sizes/minstructor_0/out_43.txt
65536,0.286914,Release,/home/shuell/Projects/cpu-performance-study/benchmark/gallery-of-processor-cache-effects/raw_data/l1-and-l2-cache-sizes/minstructor_0/out_205.txt
65536,0.285626,Release,/home/shuell/Projects/cpu-performance-study/benchmark/gallery-of-processor-cache-effects/raw_data/l1-and-l2-cache-sizes/minstructor_0/out_142.txt
1024,0.131643,Release,/home/shuell/Projects/cpu-performance-study/benchmark/gallery-of-processor-cache-effects/raw_data/l1-and-l2-cache-sizes/minstructor_0/out_304.txt
131072,0.293392,Release,/home/shuell/Projects/cpu-performance-study/benchmark/gallery-of-processor-cache-effects/raw_data/l1-and-l2-cache-sizes/minstructor_0/out_59.txt
64,0.0906694,Release,/home/shuell/Projects/cpu-performance-study/benchmark/gallery-of-processor-cache-effects/raw_data/l1-and-l2-cache-sizes/minstructor_0/out_27.txt
4096,0.136926,Release,/home/shuell/Projects/cpu-performance-study/benchmark/gallery-of-processor-cache-effects/raw_data/l1-and-l2-cache-sizes/minstructor_0/out_474.txt
32,0.03624,Release,/home/shuell/Projects/cpu-performance-study/benchmark/gallery-of-processor-cache-effects/raw_data/l1-and-l2-cache-sizes/minstructor_0/out_236.txt
128,0.0820141,Release,/home/shuell/Projects/cpu-performance-study/benchmark/gallery-of-processor-cache-effects/raw_data/l1-and-l2-cache-sizes/minstructor_0/out_469.txt
65536,0.285059,Release,/home/shuell/Projects/cpu-performance-study/benchmark/gallery-of-processor-cache-effects/raw_data/l1-and-l2-cache-sizes/minstructor_0/out_79.txt
65536,0.286426,Release,/home/shuell/Projects/cpu-performance-study/benchmark/gallery-of-processor-cache-effects/raw_data/l1-and-l2-cache-sizes/minstructor_0/out_520.txt
2,0.05588,Release,/home/shuell/Projects/cpu-performance-study/benchmark/gallery-of-processor-cache-effects/raw_data/l1-and-l2-cache-sizes/minstructor_0/out_253.txt
1,0.04752,Release,/home/shuell/Projects/cpu-performance-study/benchmark/gallery-of-processor-cache-effects/raw_data/l1-and-l2-cache-sizes/minstructor_0/out_504.txt
8,0.03971,Release,/home/shuell/Projects/cpu-performance-study/benchmark/gallery-of-processor-cache-effects/raw_data/l1-and-l2-cache-sizes/minstructor_0/out_339.txt
64,0.0804394,Release,/home/shuell/Projects/cpu-performance-study/benchmark/gallery-of-processor-cache-effects/raw_data/l1-and-l2-cache-sizes/minstructor_0/out_384.txt
262144,0.291584,Release,/home/shuell/Projects/cpu-performance-study/benchmark/gallery-of-processor-cache-effects/raw_data/l1-and-l2-cache-sizes/minstructor_0/out_186.txt
32,0.03626,Release,/home/shuell/Projects/cpu-performance-study/benchmark/gallery-of-processor-cache-effects/raw_data/l1-and-l2-cache-sizes/minstructor_0/out_68.txt
2048,0.132335,Release,/home/shuell/Projects/cpu-performance-study/benchmark/gallery-of-processor-cache-effects/raw_data/l1-and-l2-cache-sizes/minstructor_0/out_515.txt
64,0.0803169,Release,/home/shuell/Projects/cpu-performance-study/benchmark/gallery-of-processor-cache-effects/raw_data/l1-and-l2-cache-sizes/minstructor_0/out_174.txt
131072,0.297781,Release,/home/shuell/Projects/cpu-performance-study/benchmark/gallery-of-processor-cache-effects/raw_data/l1-and-l2-cache-sizes/minstructor_0/out_38.txt
2,0.05744,Release,/home/shuell/Projects/cpu-performance-study/benchmark/gallery-of-processor-cache-effects/raw_data/l1-and-l2-cache-sizes/minstructor_0/out_22.txt
256,0.0978212,Release,/home/shuell/Projects/cpu-performance-study/benchmark/gallery-of-processor-cache-effects/raw_data/l1-and-l2-cache-sizes/minstructor_0/out_344.txt
64,0.0807362,Release,/home/shuell/Projects/cpu-performance-study/benchmark/gallery-of-processor-cache-effects/raw_data/l1-and-l2-cache-sizes/minstructor_0/out_279.txt
8192,0.217611,Release,/home/shuell/Projects/cpu-performance-study/benchmark/gallery-of-processor-cache-effects/raw_data/l1-and-l2-cache-sizes/minstructor_0/out_202.txt
4,0.0378,Release,/home/shuell/Projects/cpu-performance-study/benchmark/gallery-of-processor-cache-effects/raw_data/l1-and-l2-cache-sizes/minstructor_0/out_401.txt
512,0.128329,Release,/home/shuell/Projects/cpu-performance-study/benchmark/gallery-of-processor-cache-effects/raw_data/l1-and-l2-cache-sizes/minstructor_0/out_156.txt
16,0.0374125,Release,/home/shuell/Projects/cpu-performance-study/benchmark/gallery-of-processor-cache-effects/raw_data/l1-and-l2-cache-sizes/minstructor_0/out_67.txt
65536,0.286222,Release,/home/shuell/Projects/cpu-performance-study/benchmark/gallery-of-processor-cache-effects/raw_data/l1-and-l2-cache-sizes/minstructor_0/out_373.txt
4,0.03847,Release,/home/shuell/Projects/cpu-performance-study/benchmark/gallery-of-processor-cache-effects/raw_data/l1-and-l2-cache-sizes/minstructor_0/out_359.txt
16,0.0372375,Release,/home/shuell/Projects/cpu-performance-study/benchmark/gallery-of-processor-cache-effects/raw_data/l1-and-l2-cache-sizes/minstructor_0/out_235.txt
2,0.05524,Release,/home/shuell/Projects/cpu-performance-study/benchmark/gallery-of-processor-cache-effects/raw_data/l1-and-l2-cache-sizes/minstructor_0/out_274.txt
1024,0.131795,Release,/home/shuell/Projects/cpu-performance-study/benchmark/gallery-of-processor-cache-effects/raw_data/l1-and-l2-cache-sizes/minstructor_0/out_262.txt
2048,0.131934,Release,/home/shuell/Projects/cpu-performance-study/benchmark/gallery-of-processor-cache-effects/raw_data/l1-and-l2-cache-sizes/minstructor_0/out_494.txt
2,0.0567,Release,/home/shuell/Projects/cpu-performance-study/benchmark/gallery-of-processor-cache-effects/raw_data/l1-and-l2-cache-sizes/minstructor_0/out_85.txt
2,0.0555,Release,/home/shuell/Projects/cpu-performance-study/benchmark/gallery-of-processor-cache-effects/raw_data/l1-and-l2-cache-sizes/minstructor_0/out_169.txt
16,0.0373775,Release,/home/shuell/Projects/cpu-performance-study/benchmark/gallery-of-processor-cache-effects/raw_data/l1-and-l2-cache-sizes/minstructor_0/out_193.txt
4096,0.137457,Release,/home/shuell/Projects/cpu-performance-study/benchmark/gallery-of-processor-cache-effects/raw_data/l1-and-l2-cache-sizes/minstructor_0/out_54.txt
1048576,0.296226,Release,/home/shuell/Projects/cpu-performance-study/benchmark/gallery-of-processor-cache-effects/raw_data/l1-and-l2-cache-sizes/minstructor_0/out_83.txt
262144,0.297692,Release,/home/shuell/Projects/cpu-performance-study/benchmark/gallery-of-processor-cache-effects/raw_data/l1-and-l2-cache-sizes/minstructor_0/out_39.txt
64,0.0782406,Release,/home/shuell/Projects/cpu-performance-study/benchmark/gallery-of-processor-cache-effects/raw_data/l1-and-l2-cache-sizes/minstructor_0/out_111.txt
1,0.04656,Release,/home/shuell/Projects/cpu-performance-study/benchmark/gallery-of-processor-cache-effects/raw_data/l1-and-l2-cache-sizes/minstructor_0/out_483.txt
524288,0.29682,Release,/home/shuell/Projects/cpu-performance-study/benchmark/gallery-of-processor-cache-effects/raw_data/l1-and-l2-cache-sizes/minstructor_0/out_229.txt
524288,0.29627,Release,/home/shuell/Projects/cpu-performance-study/benchmark/gallery-of-processor-cache-effects/raw_data/l1-and-l2-cache-sizes/minstructor_0/out_19.txt
4096,0.136251,Release,/home/shuell/Projects/cpu-performance-study/benchmark/gallery-of-processor-cache-effects/raw_data/l1-and-l2-cache-sizes/minstructor_0/out_390.txt
8,0.03954,Release,/home/shuell/Projects/cpu-performance-study/benchmark/gallery-of-processor-cache-effects/raw_data/l1-and-l2-cache-sizes/minstructor_0/out_87.txt
16384,0.244236,Release,/home/shuell/Projects/cpu-performance-study/benchmark/gallery-of-processor-cache-effects/raw_data/l1-and-l2-cache-sizes/minstructor_0/out_308.txt
8192,0.202799,Release,/home/shuell/Projects/cpu-performance-study/benchmark/gallery-of-processor-cache-effects/raw_data/l1-and-l2-cache-sizes/minstructor_0/out_160.txt
1048576,0.295429,Release,/home/shuell/Projects/cpu-performance-study/benchmark/gallery-of-processor-cache-effects/raw_data/l1-and-l2-cache-sizes/minstructor_0/out_251.txt
128,0.0889541,Release,/home/shuell/Projects/cpu-performance-study/benchmark/gallery-of-processor-cache-effects/raw_data/l1-and-l2-cache-sizes/minstructor_0/out_175.txt
4096,0.135301,Release,/home/shuell/Projects/cpu-performance-study/benchmark/gallery-of-processor-cache-effects/raw_data/l1-and-l2-cache-sizes/minstructor_0/out_243.txt
8192,0.204573,Release,/home/shuell/Projects/cpu-performance-study/benchmark/gallery-of-processor-cache-effects/raw_data/l1-and-l2-cache-sizes/minstructor_0/out_412.txt
524288,0.29566,Release,/home/shuell/Projects/cpu-performance-study/benchmark/gallery-of-processor-cache-effects/raw_data/l1-and-l2-cache-sizes/minstructor_0/out_523.txt
32768,0.270237,Release,/home/shuell/Projects/cpu-performance-study/benchmark/gallery-of-processor-cache-effects/raw_data/l1-and-l2-cache-sizes/minstructor_0/out_330.txt
65536,0.295408,Release,/home/shuell/Projects/cpu-performance-study/benchmark/gallery-of-processor-cache-effects/raw_data/l1-and-l2-cache-sizes/minstructor_0/out_100.txt
2048,0.132046,Release,/home/shuell/Projects/cpu-performance-study/benchmark/gallery-of-processor-cache-effects/raw_data/l1-and-l2-cache-sizes/minstructor_0/out_347.txt
2048,0.132411,Release,/home/shuell/Projects/cpu-performance-study/benchmark/gallery-of-processor-cache-effects/raw_data/l1-and-l2-cache-sizes/minstructor_0/out_53.txt
1048576,0.295979,Release,/home/shuell/Projects/cpu-performance-study/benchmark/gallery-of-processor-cache-effects/raw_data/l1-and-l2-cache-sizes/minstructor_0/out_440.txt
131072,0.291082,Release,/home/shuell/Projects/cpu-performance-study/benchmark/gallery-of-processor-cache-effects/raw_data/l1-and-l2-cache-sizes/minstructor_0/out_374.txt
16,0.037295,Release,/home/shuell/Projects/cpu-performance-study/benchmark/gallery-of-processor-cache-effects/raw_data/l1-and-l2-cache-sizes/minstructor_0/out_88.txt
4096,0.138293,Release,/home/shuell/Projects/cpu-performance-study/benchmark/gallery-of-processor-cache-effects/raw_data/l1-and-l2-cache-sizes/minstructor_0/out_96.txt
8192,0.207046,Release,/home/shuell/Projects/cpu-performance-study/benchmark/gallery-of-processor-cache-effects/raw_data/l1-and-l2-cache-sizes/minstructor_0/out_475.txt
262144,0.291892,Release,/home/shuell/Projects/cpu-performance-study/benchmark/gallery-of-processor-cache-effects/raw_data/l1-and-l2-cache-sizes/minstructor_0/out_459.txt
256,0.106426,Release,/home/shuell/Projects/cpu-performance-study/benchmark/gallery-of-processor-cache-effects/raw_data/l1-and-l2-cache-sizes/minstructor_0/out_92.txt
8,0.03966,Release,/home/shuell/Projects/cpu-performance-study/benchmark/gallery-of-processor-cache-effects/raw_data/l1-and-l2-cache-sizes/minstructor_0/out_234.txt
32768,0.271644,Release,/home/shuell/Projects/cpu-performance-study/benchmark/gallery-of-processor-cache-effects/raw_data/l1-and-l2-cache-sizes/minstructor_0/out_351.txt
2048,0.131805,Release,/home/shuell/Projects/cpu-performance-study/benchmark/gallery-of-processor-cache-effects/raw_data/l1-and-l2-cache-sizes/minstructor_0/out_95.txt
524288,0.295068,Release,/home/shuell/Projects/cpu-performance-study/benchmark/gallery-of-processor-cache-effects/raw_data/l1-and-l2-cache-sizes/minstructor_0/out_439.txt
262144,0.295813,Release,/home/shuell/Projects/cpu-performance-study/benchmark/gallery-of-processor-cache-effects/raw_data/l1-and-l2-cache-sizes/minstructor_0/out_396.txt
1024,0.131332,Release,/home/shuell/Projects/cpu-performance-study/benchmark/gallery-of-processor-cache-effects/raw_data/l1-and-l2-cache-sizes/minstructor_0/out_94.txt
32,0.036305,Release,/home/shuell/Projects/cpu-performance-study/benchmark/gallery-of-processor-cache-effects/raw_data/l1-and-l2-cache-sizes/minstructor_0/out_446.txt
2048,0.131249,Release,/home/shuell/Projects/cpu-performance-study/benchmark/gallery-of-processor-cache-effects/raw_data/l1-and-l2-cache-sizes/minstructor_0/out_74.txt
4096,0.138353,Release,/home/shuell/Projects/cpu-performance-study/benchmark/gallery-of-processor-cache-effects/raw_data/l1-and-l2-cache-sizes/minstructor_0/out_285.txt
8,0.039785,Release,/home/shuell/Projects/cpu-performance-study/benchmark/gallery-of-processor-cache-effects/raw_data/l1-and-l2-cache-sizes/minstructor_0/out_3.txt
1048576,0.296167,Release,/home/shuell/Projects/cpu-performance-study/benchmark/gallery-of-processor-cache-effects/raw_data/l1-and-l2-cache-sizes/minstructor_0/out_482.txt
1048576,0.309316,Release,/home/shuell/Projects/cpu-performance-study/benchmark/gallery-of-processor-cache-effects/raw_data/l1-and-l2-cache-sizes/minstructor_0/out_41.txt
16384,0.245441,Release,/home/shuell/Projects/cpu-performance-study/benchmark/gallery-of-processor-cache-effects/raw_data/l1-and-l2-cache-sizes/minstructor_0/out_350.txt
16,0.0374175,Release,/home/shuell/Projects/cpu-performance-study/benchmark/gallery-of-processor-cache-effects/raw_data/l1-and-l2-cache-sizes/minstructor_0/out_361.txt
262144,0.292491,Release,/home/shuell/Projects/cpu-performance-study/benchmark/gallery-of-processor-cache-effects/raw_data/l1-and-l2-cache-sizes/minstructor_0/out_123.txt
32768,0.270209,Release,/home/shuell/Projects/cpu-performance-study/benchmark/gallery-of-processor-cache-effects/raw_data/l1-and-l2-cache-sizes/minstructor_0/out_78.txt
1024,0.131709,Release,/home/shuell/Projects/cpu-performance-study/benchmark/gallery-of-processor-cache-effects/raw_data/l1-and-l2-cache-sizes/minstructor_0/out_346.txt
512,0.128651,Release,/home/shuell/Projects/cpu-performance-study/benchmark/gallery-of-processor-cache-effects/raw_data/l1-and-l2-cache-sizes/minstructor_0/out_135.txt
8192,0.20655,Release,/home/shuell/Projects/cpu-performance-study/benchmark/gallery-of-processor-cache-effects/raw_data/l1-and-l2-cache-sizes/minstructor_0/out_244.txt
262144,0.294681,Release,/home/shuell/Projects/cpu-performance-study/benchmark/gallery-of-processor-cache-effects/raw_data/l1-and-l2-cache-sizes/minstructor_0/out_501.txt
8,0.03968,Release,/home/shuell/Projects/cpu-performance-study/benchmark/gallery-of-processor-cache-effects/raw_data/l1-and-l2-cache-sizes/minstructor_0/out_444.txt
512,0.133164,Release,/home/shuell/Projects/cpu-performance-study/benchmark/gallery-of-processor-cache-effects/raw_data/l1-and-l2-cache-sizes/minstructor_0/out_30.txt
1048576,0.295931,Release,/home/shuell/Projects/cpu-performance-study/benchmark/gallery-of-processor-cache-effects/raw_data/l1-and-l2-cache-sizes/minstructor_0/out_230.txt
512,0.126145,Release,/home/shuell/Projects/cpu-performance-study/benchmark/gallery-of-processor-cache-effects/raw_data/l1-and-l2-cache-sizes/minstructor_0/out_93.txt
16384,0.2373,Release,/home/shuell/Projects/cpu-performance-study/benchmark/gallery-of-processor-cache-effects/raw_data/l1-and-l2-cache-sizes/minstructor_0/out_161.txt
131072,0.293996,Release,/home/shuell/Projects/cpu-performance-study/benchmark/gallery-of-processor-cache-effects/raw_data/l1-and-l2-cache-sizes/minstructor_0/out_122.txt
524288,0.299204,Release,/home/shuell/Projects/cpu-performance-study/benchmark/gallery-of-processor-cache-effects/raw_data/l1-and-l2-cache-sizes/minstructor_0/out_40.txt
8192,0.204402,Release,/home/shuell/Projects/cpu-performance-study/benchmark/gallery-of-processor-cache-effects/raw_data/l1-and-l2-cache-sizes/minstructor_0/out_391.txt
524288,0.295168,Release,/home/shuell/Projects/cpu-performance-study/benchmark/gallery-of-processor-cache-effects/raw_data/l1-and-l2-cache-sizes/minstructor_0/out_313.txt
16,0.0373625,Release,/home/shuell/Projects/cpu-performance-study/benchmark/gallery-of-processor-cache-effects/raw_data/l1-and-l2-cache-sizes/minstructor_0/out_340.txt
2048,0.131714,Release,/home/shuell/Projects/cpu-performance-study/benchmark/gallery-of-processor-cache-effects/raw_data/l1-and-l2-cache-sizes/minstructor_0/out_368.txt
16,0.037395,Release,/home/shuell/Projects/cpu-performance-study/benchmark/gallery-of-processor-cache-effects/raw_data/l1-and-l2-cache-sizes/minstructor_0/out_256.txt
4,0.03782,Release,/home/shuell/Projects/cpu-performance-study/benchmark/gallery-of-processor-cache-effects/raw_data/l1-and-l2-cache-sizes/minstructor_0/out_443.txt
32768,0.274171,Release,/home/shuell/Projects/cpu-performance-study/benchmark/gallery-of-processor-cache-effects/raw_data/l1-and-l2-cache-sizes/minstructor_0/out_393.txt
